hostname,visits
zk-reg.com,2
zenithipa.net,1
zeaslab.com,2
zbelit.net,1
zainabtours.com,2
yuyuansta.com,1
youth.gov,54036
yi88.com,1
yg45e.com,1
yesmeanstest.org,68
yenioyunlar.online,1
yandexwebcache.net,5
xx57822.com,2
wwnphd.com,1
wraithservers.com,5
worldoil.com,2
wnibet123.xyz,2
wizard.gov,15
windshieldsunlimted.com,2
wildoutdoormedia.com,1
wickedporn.com,1
wholesalecentral85.shop,1
wh46.localhost,40
westfordweather.net,1
westcoastcollaborative.org,248
wedo-home.com,1
webharvest.gov,308
webcoolbox.com,2
weather.gov,6
wahana138.store,1
vulkan-prestige.company,1
vulcanmega72.com,1
vqeg.org,7
vovucie.info,1
vote.gov,54409
vnxx.com,3
vizagstories.com,1
vitaminssideeffects.com,1
virtualsolar.org,84
vietnamnet.vn,1
veteransaffairsnavigator.com,26
vendashipnoticas.com,5
ve-laravel.localhost,2
v-cache.com,4
uspreventiveservicestaskforce.org,5792
usphs.gov,713
usmarmy.live,17
usembassychina.com,1
usda-rd.docksal,2
uscis.gov,1
usbr.gov,607
usaspending.gov,2
usarmyband.com,8166
urban-links.org,1686
up0kan.xyz,1
unid.one,1
unicar.net,1
unfccc.int,1
unemployment.gov,1
umibenefits.com,1
ufa-mongkhon.com,1
ucjh.xyz,1
ubn.news,1
ubkqoa.asia,1
twiningshort.com,1
tue-app19.com,1
ttbonline.gov,22504
trousdalecapitalpartners.com,1
tricody.com,1
tricare.mil,226126
treasuryscams.gov,65
treasuryhunt.gov,5991
treasurydirect.gov,322504
treasuryauctions.gov,208
trainenthusiasts.com,2
tradingmft.com,1
trade.gov,1
toyotatown.org,1
tox21.gov,340
tourwithgershon.com,1
toryburh.com,1
torgateway.com,4
tommurda.online,2
tomjoneswatches.com,1
tobiasschotter.com,1
tmir-group.com,1
tirnavitikanea.com,3
time.gov,307819
thudes.com,1
thirtyavenue.info,4
thirdeyewarrior.com,2
theprint.in,2
theplanetsonline.com,1
themattcarrier.com,1
thefairholmepartnership.com,1
thecommunityguide.org,249
thebeaiviinstitute.org,1
thebeacon.pro,1
theajmorganfoundation.org,1
the-intermediary.com,4
thainguyen.com,1
test.dash,14
terminus-vcc.galaxia,1
temancoli.lol,2
techjmx.com,1
tangelohub.org,2
takesoft.ru,1
taaps.gov,79
swordssword.com,1
swissmilit.com,2
swissekin.net,1
swarajyamag.com,1
surgawin88.net,1
surevox.com,1
supplierregistration-govuk.com,1
superlyudi.com,1
studentaid.gov,6738246
stsgrowth.com,3
structurecenter.science,3
structurecenter.org,9
structurecenter.com,5
stratus-clear.com,1
stiff.one,1
stevenmattera.com,1
steepatticstairs.net,3
stearnshillfarm.com,1
statesfbi.us,4
staging.dash,100
sshagan.net,5
srre.org,2
sportsbookclick.com,1
spiderhive.net,2
spd15revision.gov,347
spartanpizzerialowell.com,1
sp3eex.com,1
sns3-6hb6fghcxa.site,1
smokefree.gov,48606
slgs.gov,55
sitepackage.net,1
sitefly.online,1
singlemingle.love,1
silvertenet.com,1
silverex.org,1
sightmdct.net,1
sicklecellred.org,8
sgsu-vhptools.dev,6
sgc.pub,1
sfmedicalgroup.biz,1
selectagents.gov,267
search.gov,2541
search.app,16
scoutsex.com,1
scijinks.gov,71489
sciencebase.gov,11
sciatiease.us,1
scarboroughshoal.com,1
sbst.gov,172
sayarat.click,1
savingsbondwizard.gov,25
savingsbonds.gov,403
savingsbond.gov,359
savewithheart.com,6
samcopeland.com,1
samba99.bet,1
sam.gov,1805586
salvajes.com,4
saltyphishbowl.com,1
salivaryproteome.org,100
sagsupply.com,1
safetyact.gov,80
safesenergy.com,1
sac.gov,379
rrb.gov,18496
roofcleaners.xyz,1
rollersdigest.com,1
richmondautocare.com,1
rewordify.com,45
rewardinggreatthinking.com,1
reviveyourbath.com,3
reseau.social,1
reproductiverights.gov,2801
relink.cl,1
realestatesales.gov,54108
ranstrauss.com,1
raisedliving.com,1
rafflyuyelik.com,2
radiantculture.com,1
qsl.net,1
qofis.org,2
qedcloud.net,1
pun-app18.com,1
pssy.rest,1
psgacademypa.us,1
proxysite.us,1
proxysite.cloud,11
proxy-urls.com,1
pronovopartners.com,1
private-tours-croatia.top,1
primefinancialpartners.com,2
primavar.com,1
presidentialinnovationfellows.gov,2887
presaholic.net,1
pragati.org,3
pra-ha.com,1
pqvhr12ykf1.shop,1
ppms.gov,10031
poweredbyus.net,1
pnwdiving.com,1
pntap.org,1
playjogo.info,3
plastikmess.ru,1
planet-staging.zone,5
pinegarchevrolet.online,5
pikalo.gq,2
phishbet.com,1
phattriennongnghiepht.vn,1
ph.local,4
pfl18.org,5
pfajyo.asia,1
petanimalhospitalgroesbeck.net,1
permitandlicense.com,1
peigenlee.com,1
peanutbubbyandbean.com,2
payosk.com,1
paulwilson-online.com,1
patriotbonds.gov,80
patriotadmin.com,1
papayapay.com,1
pannelness.com,1
panelseck.com,2
packagingeurope.com,2
pacificraceways.com,5
oz52wp.xyz,1
oyundabir.com,2
owensweber.com,1
outreachpro.one,11
otuz.online,4
otsos116.com,1
ots.gov,197
otm.localhost,23
otakudesu.guru,2
osf.io,9
organicely.com,1
orbento.com,1
optumkic.com,45
opst27.com,1
ops-syndicate.com,1
opesfd.com,1
onttime.com,1
onrr.gov,3658
onetix.com,1
omb.report,1
olimach.com,1
ojp.gov,16553
oilprice.com,3
oge.gov,1468
oferlentes.com,1
odyseallc.net,9
octo.deals,4
ocean-connections.com,1
occhelps.gov,84
occ.gov,136732
oandain.com,1
o2oph.com,1
nuestrotrailers.com,1
nsopw.gov,73
nsf.gov,2
nsa-codebreaker.org,25
nrd.gov,32432
nps.gov,32207
nowiseguys.com,1
notiziesvizzera.net,1
notifresh.net,1
nosewant.com,1
northeastdiesel.org,6
nordamerikajournal.com,1
nolimitsinvestments.com,1
noblefakes.org,1
noaa.gov,1
nj.gov,1
nihefggrants.org,2
nih.gov,1
nicic.gov,27912
ngageim.com,1
newyorkpersonalinjurylawyers.com,1
newtoki327.com,3
newspost.click,2
newbahisviptv9.site,1
newagekurling.com,1
netis.us,2
neossancesqualane.com,1
ne-bo.com,1
ncua.gov,102043
nationalresourcedirectory.gov,66
nationalcoastguardmuseum.org,342
nationalbankhelp.gov,138
nareshit.org,1
napgameff.com,2
namenumbering.com,1
myprimerewards.com,2
myftech.com,2
mydoggiestuff.com,1
mycreditunion.gov,27132
mycertifiedinterpreter.com,1
museodelwhiskyargentina.com,1
mumkeenhai.com,3
mscqs.org,1
mrtmobil10.com,1
mrtmobil.com,1
mqvmgxgrxu.cam,9
morganpresley.com,1
moji.team,1
moe.ninja,2
mitigationcommission.gov,9
missionfirsthomes.com,1
mises.org,1
mirror-h.org,1
milgearstest.com,19
migrantmirror.com,1
midwestinvestmentpros.com,38
mickcraig.com,1
mgty775.app,1
mgty694.app,2
mgty638.com,1
mgty596.com,1
mgty567.app,1
mgty495.com,1
mgty486.com,2
mgty445.com,2
mgty372.com,1
mgty.xyz,1
metrobank.company,1
mentaltoto.biz,1
mehemaan.com,1
medtrica.com,1
medlineplus.govhttps,2
medlineplus.gov,13909066
medicinetransparency.com,1
medicare.gov,1
medicalcountermeasures.gov,4759
md2.live,1
mcscumww.xyz,2
mcp-launchpad.com,13
mbs-maha.com,1
mbfootdocs.net,1
maxdieselpower.com,2
martin-anderle.com,3
marker.to,8
marinecadastre.gov,4948
marilieve.com,1
manyofactory.com,2
manentail.africa,1
manatoki350.net,1
maiminews.com,1
macdowelllaw.com,2
lwp.app,1
lwapy3zqnp0.shop,1
lvh.me,17
lustdaddy.com,1
lunar-gateway.com,1
lulustation.com,2
luiscote.com,16
lucienlacroix.com,1
ltt.org,1
ltjnb.com,1
lowerloanpayments.com,2
lostfilm-hd-1218.online,1
losangelescitycab.com,1
login.gov,435696
lnks.gd,1
liqorice.com,4
lipibox.com,1
linkszb.com,1
lilatour.com,2
lifeaccounting.com,1
lernen.trading,3
legconnect.com,1
leaping.org,4
leafmint.com,2
landfire.gov,1507
ladybossesgreens.com,2
lacyberlab.com,1
kubernetes.training,1
kubecop.com,2
koczynski.com,2
knoxtnrealty.com,1
klbff.org,1
kkk219.com,1
kitsons-law.com,2
kirklandelis.com,2
kirbycreekcustoms.com,3
king11.net,1
kieragabel.com,1
kgdtconsultants.com,1
keppek.com,1
kennymaxshop.com,1
kdoppodsod.top,1
kccobrewery.com,1
katagana.training,2
karovale5.com,1
kapaibao.com,1
justinweather.com,22
justinmichaelmoore.com,19
juptierewards.network,1
juptiereward.network,2
juptier.online,26
juptier.network,10
jupiterewards.network,57
jslab.app,1
jsip.wiki,1
jplopensourcerover.com,94
joinusnavy.com,1
joinselfieelate.com,1
jobs44.com,1
jikess.info,1
jiangzhuti.me,6
jbysxoejqtt.shop,2
jbdev1.com,4
jazzmannentertainment.online,1
javascriptworldconference.com,1
janetpearson.com,1
j28055.com,1
itsdungeontime.com,1
itis.localhost,2
itis.gov,2105
iseobus.com,1
is.vin,1
irsstimulus.org,1
irimodel.org,7
ipcowv.com,2
ipcoky.com,1
ioio33.xyz,1
invertirusa.com,1
interw3b.org,4
interodeldoradohills.com,1
instantunblock.com,4
instant.green,1
inspection.vin,4
inrainbowee.com,4
inclusioncanvas.com,1
illuminatedata.io,17
ihitehaospite.org,1
iawg.gov,117
iamwilhemina.com,1
hydrex-hookah.com,1
hungary-new-min.com,1
hungary-intro-style.com,2
hungary-fashion-style.com,3
hungary-fashion-new.com,5
html2pdf.com,8
hsgov-oig.com,1
howertonministries.org,1
houstonrealtyexperts.com,1
hormoz.fun,3
hopetbar.com,1
hookwp.com,1
hongkongbusiness.hk,2
homecraftbrewing.com,2
hokijati.com,1
hisegflorida.com,1
hipernovadigital.com,1
hero.prod,377
hengheng66.com,2
helpwithmymortgagebank.gov,105
helpwithmymortgage.gov,88
helpwithmycreditcardbank.gov,89
helpwithmycreditcard.gov,86
helpwithmycheckingaccount.gov,85
helpwithmybank.gov,91571
helioviewer.org,4441
helicon.online,4
healthcareasiamagazine.com,1
healthcare.gov,16
health.mil,86760
health.gov,324675
hdwcyy.com,1
hch.tv,1
hayleypatinst.com,2
harlall.com,1
hancockshomepage.com,1
hackwish.com,1
h2hassociates.com,2
gunjansuyal.com,1
guidetolottery.com,1
guba-gara.com,1
gtcasion8.com,1
gta5xd.vip,1
gsafleet.gov,12931
gsaauctions.gov,127581
gsaadvantage.gov,1682
gsa.gov,98
grupoprf.com,1
group-usps.net,32
ground.news,8
greengov.gov,77
grants.gov,122935
grafenart.ch,1
grabideas.shop,1
gosumarkt.ru,2
gosbsc.com,1
googleweblight.com,44
good2bsocialplatform.com,1
go-dzoi.com,1
gmclore.org,4
globalesspak.com,4
ginyos.com,2
gilawin.com,1
giaoduc.cam,1
getyourvm.org,2
getreadytodiscover.com,1
get.gov,3859
geoplatform.gov,488
geberich.world,1
gddemay.com,1
gcfcorporation.com,1
gcabp.org,7
garates.com,1
gaming168.com,1
gafribank.com,107
g5.gov,153
fws.gov,5327
furniturebeyondoutlet.com,1
fueleconomy.gov,484
fuckyoujoniknowwhatmotherfuckingtimeitis.com,1
frtr.gov,5
fqfinsuranceagency.com,47
fpds.gov,90
fpc.gov,1
forumcomdescontomara.club,1
fortune.com,1
forestun.com,1
forestsandrangelands.gov,128
footloxker.com,1
foiaonline.gov,267
fkaqgo.asia,1
fitbodyandfitmind.com,1
firstorforgotten.com,1
firstorbital.com,1
firstnet.gov,8156
fireflyaerospace.com,1
fire-forecast.com,4
finnekasi.com,1
findtreatment.gov,60874
findmyshell.com,1
fincen.gov,12363
financialadvertising.net,3
ficus.science,12
ffsou.com,1
ferc.gov,6588
fema.gov,1
fedinvest.org,55
fedinvest.com,58
fedidcard.gov,1
federalinvestments.gov,52
fdic.gov,2
fda.gov,2
fbiconductservices.com,3
favorisentv13.xyz,1
fanyv88.com,1
fanrats.net,1
famitrip.com,2
faizapatos.com,1
faithwilsonprojects.com,1
fai.gov,3178
factba.se,2
eyz.net,3
exscn2.com,1
exis.gov,24
examples.vin,1
evo.legal,1
everykidoutdoors.gov,28984
evaluation.gov,2
etplex.com,1
estudiantespiota.com,44
essentialbangkok.com,1
eshtal.com,2
escape.media,1
eroioppai.xyz,1
eraindicalled.org,1
epaosc.org,36
energy.gov,5443
endoscopicweightlosssolutions.com,1
encountervtt.com,1
empowerenergy.co,9
eme-magazine.com,1
embeddedcomputing.com,1
electronicshightech.com,1
electricaluprising.com,1
electrance.com,1
eldercare.gov,520
elaxury.com,5
ecstra.app,1
ecowa.org,1
ecco-group.org,1
ecarup.org,1
eboji.org,1
eastsideaction.com,1
earupukmil.tk,2
dwn.com,1
dvqk7.com,1
dsntranspotation.com,1
drugalcoholrehablosangeles.com,1
downsizenanaimo.com,2
doramatv.ru,2
donotcall.gov,321
donnielaw.com,1
donaciondeorganos.gov,3737
doi.org,2
doi.gov,3
doi.docksal,2
doha-escort.com,1
dnsops.gov,26
dizhi.wiki,1
disasterassistance.gov,1
digital.gov,19282
dev.dash,33
detaingler.org,1
deneme.org,2
democracybydesign.tools,1
ddevhq.com,2
ddd762.com,1
dctc.mil,450
dcom-73.com,1
davidissac.info,1
davidcabinian.dev,1
data.gov,57007
data-manager.com,7
data-drivensalon.com,1
data-browser.com,1
darin.zip,1
dangunexplained.com,1
dailyflats.barcelona,1
cycna.com,1
cyberreportcenter.com,16
cxxzx.com,1
cursosonlineyempleos.com,1
cultivatebranding.com,1
cufihonduras.org,5
ctsu.net,3
csmindustry.de,1
crowinsight.io,2
creeksideinftworth.com,1
crc32.zip,1
crazyeggeditor.com,4
crabstores.com,1
cptn.sbs,1
cptac.net,1
cpsc.gov,170
cpcpain.org,1
covid19.law,1
coverbot.com,1
courtneyhonda.com,1
countyjail.com,2
coronaviruspreventionnetwork.org,72
cornference.info,1
coralreef.gov,74
coolswiftweb.com,4
consumidor.gov,22755
consumer.gov,19738
consultingbowl.com,1
connectionalarm.com,1
conditionedattic.com,1
computersforlearning.gov,968
computablet.net,2
comptrollerofthecurrency.gov,101
comfortveh.com,1
columbuscocainerehab.com,1
collegedrinkingprevention.gov,163
collectorseries.com,5
codehs.com,1
code.gov,973
cnpjportaldoempreendor.com,1
cncsgrants.com,1
cmix.com,1
cloud.gov,4012
clinicalnotebook.com,1
circumstellardisks.org,2
chiropracticbrooksville.com,5
chile-correos.net,39
childcare.gov,40957
chiachoob.com,9
chemycal.com,1
chem-view.com,41
chebarreview.com,2
charlielazarus.com,1
cf849.xyz,6
celerbeauty.com,1
ccstdp.com,1
ccpdata.org,494
ccbac.systems,1
cbp.gov,1
cbp-border.com,4
casino88vn.com,2
cardwp.com,4
capeyouth.org,200
campbellcontractingltd.com,1
camelotcostumes.com,1
cac.navy,4
c7201.com,1
c3003.com,1
bzdmedia.com,1
bx90yoro.online,2
buyu755.com,1
buyu144.com,1
buenosaires-argentina.com,1
bsc.local,3
brobible.com,1
boulderchessclub.com,1
bottozap.com,1
bosque.gov,41
booktoki329.com,1
bondpro.gov,28
bobatoto.org,4
bmarship.org,1
bluelakelandscaping.com,1
bjs.gov,7
bitterapricotseeds.com,1
bird.support,1
biotechnologia.pl,1
biopapel.com,116
biom-mass.org,16
bintang189.info,1
binput.com,1
binomo-school.site,1
bing.com,1
bigskyrise.org,1
bienvenidoafirstbank.com,1
beyondrobots.org,1
beta.localhost,1
berkleyaw.com,1
berkeleyofficeinteriors.com,1
behavioraloutcomedata.org,1
behavioralhealthdata.org,1
beesudawe.shop,1
beautybrushoficial.com,1
baymavi427.com,3
bankhelp.gov,101
bankcustomerassistance.gov,96
bankcustomer.gov,87
bankanswers.gov,122
bangbona.lol,1
bailbondscerritos.com,1
baharh.com,1
backenster.com,5
ba808.vip,1
ayurvedasitesi.com,1
ayudaconmibanco.gov,109
axios.one,1
aviationweather.gov,937863
avalon-projects.pro,1
avabm.org,1
aspenrepository.com,1
askearn.org,8868
askearn-org.test,3
asiasociety.org,1
asianlawpractices.com,3
asc.gov,2087
artisbokepasia.com,1
arrangementseekers.com,1
arnoldgeissbuhler.org,1
arlingtonconstructionmanagement.com,1
arlingtoncemetery.mil,5830
apreuslt.com,1
app.horse,2
apicheckout.com,1
aone-vv.com,1
ant60v73ez.com,1
ankaracansu.com,1
americorps.gov,230223
americanlegislators.org,1
amazinghotelratesfl.com,3
alwafd.org,13
alpinent.com,1
alpacabears.com,1
alerticus.com,1
alecsarahre.com,1
akupanel-outlet.com,1
akerna.net,4
airnow.gov,442
airknowledge.gov,1715
ai46.localhost,2
ai42.tech,1
ai42.fun,1
ai.gov,11725
agrilinks.org,10033
agingstats.gov,275
agegap.com,2
afiamerica.com,1
afi-aatm.com,3
aestheticwellnessnyc.com,1
aeiscreen.com,1
advocareorlandoclassic.com,1
adstrom.com,1
adlnet.gov,3219
adityabisht.com,1
adcent.net,1
acquisitiongateway.gov,9635
acquisition.gov,1336
acl.gov,56247
acessomail8726.xyz,1
accentselfstorage.com,1
aboutblaw.com,1
abmc.gov,1
aal.army,1384
aakgrow.com,1
aaa040.com,1
a-zgsm.com,8
99bosses.com,1
849191.com,1
7go.limited,1
760078b.com,1
746mbx.com,1
73438.org,1
5444999.com,1
4synagogues.com,1
4laos.com,2
4contemporary.com,1
406222.com,1
3treeleadership.com,1
350rhodeisland.com,1
2miners.net,1
2es45x.life,1
2coproducts.com,1
19955355555.com,1
18plus.com,1
160444.com,1
1163251.org,1
022df.com,1
003tt.com,1