city,active_visitors
(other),273115
,57210
New York,25679
Chicago,22598
Dallas,13273
Los Angeles,13110
Atlanta,12336
Ashburn,11168
Seattle,10008
Washington,9269
San Jose,8372
Houston,6933
Phoenix,5318
Boston,5269
Miami,5253
Denver,4765
Philadelphia,4224
San Antonio,4073
Austin,3838
Las Vegas,3438
Reston,3400
Charlotte,3388
San Diego,3257
Columbus,2839
Minneapolis,2588
Orlando,2542
San Francisco,2538
Nashville,2419
Jacksonville,2417
Portland,2402
Baltimore,2366
Sacramento,2238
Kansas City,2201
London,2061
Indianapolis,1966
Mexico City,1962
San Juan,1940
Tampa,1885
Oklahoma City,1859
St. Louis,1809
Raleigh,1797
Cheyenne,1767
Detroit,1691
Salt Lake City,1611
Birmingham,1564
Moses Lake,1553
Bogota,1433
Cleveland,1424
Englewood,1374
Omaha,1371
Toronto,1355
Des Moines,1337
Honolulu,1314
Albuquerque,1253
Columbia,1211
Louisville,1206
Pittsburgh,1204
Fort Worth,1203
Madison,1150
Greenville,1143
Virginia Beach,1142
Hyderabad,1083
Milwaukee,1044
Arlington,1018
Spokane,1005
El Paso,981
Colorado Springs,975
Bethesda,970
Cincinnati,968
Buffalo,966
Springfield,958
Santiago,918
Little Rock,911
New Orleans,907
Memphis,906
Aurora,894
Albany,890
Vancouver,852
Havana,822
Long Beach,822
Anchorage,817
Peoria,816
Silver Spring,803
Boise,782
Norwalk,756
Plano,746
Warsaw,738
Boardman,734
Rochester,703
Tempe,695
Richmond,688
Lakewood,670
Lexington,670
Tucson,670
Lansing,669
Mumbai,653
York,631
Madrid,622
Johnstown,614
Minnetonka,612
Sheridan,609
Bengaluru,604
Fresno,599
Durham,595
Roscommon,594
Saint Paul,592
Dublin,591
Mobile,588
Woodlawn,585
Middletown,582
Blackstone,575
Wapakoneta,574
Gainesville,570
Newark,566
Lincoln,565
Fayetteville,561
Oakland,556
Irvine,552
Winamac,548
Chestertown,544
Alexandria,543
Madisonville,541
Jackson,537
Wichita,535
Baton Rouge,531
Castaic,530
Reno,526
Charleston,524
Huntsville,521
Santa Clarita,521
Chennai,518
Fairfield,503
Buenos Aires,497
Delhi,496
Knoxville,496
Montreal,496
Mesa,492
Grand Rapids,489
Fremont,488
Annapolis,481
Tulsa,479
Lancaster,477
Eden Prairie,476
Guatemala City,474
Augusta,473
Boydton,468
Millersburg,464
Pendleton,464
Bloomington,463
Monterrey,461
Oxford,459
Syracuse,456
Salem,455
Fort Wayne,447
Rockville,438
Sioux Falls,435
Tallahassee,434
Santo Domingo,432
Lahore,430
Irving,428
Pasadena,427
Nampa,426
Franklin,425
Montgomery,421
Carbondale,420
San Salvador,419
Tijuana,419
Providence,410
Tacoma,410
Roanoke,405
Athens,401
Bakersfield,400
Paris,398
Brownsville,397
Bellingham,394
Burlington,391
Wilmington,391
Fort Lauderdale,387
Marshall,386
Concord,385
New Castle,385
Newton,385
Panama City,385
Medellin,381
Santa Clara,379
Jersey City,378
St. Petersburg,378
Scottsdale,377
Chandler,376
Glendale,374
Medford,374
Lafayette,373
Montevideo,373
Manchester,364
Overland Park,361
El Dorado,359
Oyster Bay,359
Anaheim,358
Chesapeake,356
Atlantic City,354
Norfolk,353
Bellevue,351
Elkin,351
Seminole,350
Sunnyvale,349
Cypress,347
Santa Rosa,346
Swansboro,346
Hudson,344
Springville,342
Chattanooga,341
Murphy,341
Riverside,341
Clarksville,339
Eugene,339
Winston-Salem,338
Escanaba,335
Georgetown,335
Chantilly,332
Hewitt,328
Quincy,326
Hartford,325
Frederick,324
Grove,324
Karachi,324
Trenton,324
Lake City,323
Lubbock,322
Macon,320
Quezon City,320
Fargo,319
Greensboro,317
Kirkland,317
Frankfurt,316
Cazadero,314
Canton,312
Fort Collins,312
Bolivar,311
Santa Ana,310
Galesburg,308
Sao Paulo,306
Doral,305
Guadalajara,305
Pune,305
Akron,304
Quito,302
Cebu City,301
Robstown,301
Ozark,300
Union Point,300
Morristown,298
Elko,297
Ashland,296
Woodbridge Township,296
Managua,295
Allen,294
Watford City,294
McKinney,292
Missoula,291
Horn Lake,290
Oak Ridge,290
Troy,290
Port-au-Prince,288
Calgary,286
Germantown,286
Killeen,286
Duluth,284
Crystal Falls,281
Waterloo,281
Topeka,280
Pella,279
Santa Claus,279
Savannah,279
Sebewaing,279
Eureka,277
Lakeport,276
Newport News,275
Asheville,274
Frisco,274
Trinity,274
Billings,273
Harrisburg,273
Mount Vernon,273
Central Point,272
Spring Hill,272
Palmyra,270
East Los Angeles,269
Roseville,269
Ahmedabad,268
Wasco,267
Cedar Rapids,266
Clearwater,265
Leesburg,265
Marietta,265
Dhaka,264
Iuka,264
La Crosse,264
Ann Arbor,262
Cambridge,262
Hammond,262
Jefferson City,261
Lewisville,261
Stockton,259
Barranquilla,258
Hampton,258
Selma,258
Naperville,256
Brandon,255
Lagos,254
Portsmouth,254
Milan,252
Corpus Christi,251
Edison,251
Kingston,249
Barcelona,248
Chula Vista,248
Fredericksburg,247
Hialeah,245
Oceanside,245
Palo Alto,245
Gaithersburg,243
Cape Coral,242
North Bethesda,242
Watertown,242
Amarillo,240
Bowie,240
Dayton,239
Portage,239
Florence,238
Bloomfield,237
Rome,237
Istanbul,236
Littlefield,236
Boca Raton,235
The Woodlands,235
Amsterdam,234
Beaverton,234
Danville,234
Hillsboro,234
Palm Bay,234
Gilroy,233
Shreveport,233
Caracas,232
Nairobi,232
Hollywood,231
Everett,230
Hamilton,230
Kent,230
West Valley City,230
Boulder,229
Marion,228
Ottawa,228
Cali,227
Round Rock,227
Toledo,224
Clinton,223
Puebla,222
Westminster,221
Bend,220
Ocala,220
Olympia,220
Worcester,219
Oroville,217
Davao City,216
Lucknow,216
Willows,216
Greeley,215
Murfreesboro,215
Allentown,213
Kolkata,213
Mesick,212
New Haven,211
Cary,210
Centennial,210
Erie,210
Sarasota,210
Carrollton,207
West Palm Beach,207
Merced,206
Port St. Lucie,206
Moline,205
Brookings,204
Evansville,204
Lacey,204
Lebanon,204
Yakima,204
Yuma,204
Sioux Center,203
Auburn,202
Lawrence,202
Vienna,202
Conroe,201
Loveland,201
McMinnville,201
Temple,201
Kearney,200
Thousand Oaks,200
Santa Fe,199
St. Cloud,199
Charlottesville,198
Singapore,197
Monroe,195
Strafford,194
Cave Junction,193
Ciudad Juarez,193
Plymouth,192
Bismarck,191
Bloomsburg,191
Clifton,190
Daytona Beach,190
Tashkent,190
Warren,190
Dubai,189
Iowa City,189
San Bernardino,189
Bridgeport,188
Escondido,188
Decatur,187
McAllen,185
Parkers Prairie,185
Deer Park,184
Florissant,184
Leavenworth,184
Roswell,184
Bradenton,182
Garland,181
Indore,181
Lakeland,181
Lawrenceville,179
Richardson,179
Santiago de Queretaro,179
Idaho Falls,178
Melbourne,178
Merida,178
Calhoun,177
Midland,177
Pompano Beach,177
Sanford,177
Clayton,176
Cumming,176
Green Bay,176
Redmond,175
Helena,174
Winona,174
Coos Bay,173
Grapevine,173
Norman,173
Noida,172
Salisbury,172
Douglas,171
Rockford,171
Mountain View,170
Rapid City,170
Annandale,169
Aquia Harbour,169
Saratoga Springs,169
Denton,168
Greenbelt,168
Sumter,168
Waterbury,168
Wynne,168
Miami Beach,167
Wallace,167
Berkeley,166
Lawton,166
Islamabad,165
Lorton,165
Waco,165
Carlsbad,164
Honey Grove,164
Kankakee,164
O'Fallon,164
Sandy Springs,164
Grand Junction,163
Pasig,163
Burke,162
Kilmarnock,162
Wichita Falls,162
Dale City,161
Edmonton,160
Rocky Mount,160
Woodstock,160
Arvada,159
Gilbert,159
Oskaloosa,159
Sugar Land,159
Edwardsville,158
Greenfield,158
Independence,158
Moscow,158
Cairo,157
Huntington Beach,157
Redding,157
East Northport,156
Chickasha,155
Harvard,155
Richland,155
Stockbridge,155
Durango,154
Manila,154
Vincennes,154
Bath,153
Torrington,153
Davenport,152
Kochi,152
Wausau,152
Joliet,151
Bowling Green,150
Stamford,150
Mansfield,149
Appleton,148
Kissimmee,146
Odessa,146
Wheaton,146
Bryan,145
Prescott,145
Ely,144
Lesterville,144
Sonora,144
Torrance,144
Walnut Creek,144
Winnipeg,144
Newport,143
Palatka,143
Sparks,143
Brentwood,142
Flower Mound,142
Johnson City,142
West Des Moines,142
Eatonton,141
Parker,141
Pembroke Pines,141
Elk Grove,140
Fairfax,140
Laredo,140
Romney,140
Jonesboro,139
Largo,139
Moville,139
Parkersburg,139
Pleasanton,139
Ceres,138
Mechanicsburg,138
Reading,138
Tyler,138
Coral Springs,137
Kahului,137
Ontario,137
Rincon,137
Rancho Cucamonga,136
New Braunfels,135
Pearl City,135
Winchester,135
Anderson,134
Coimbatore,134
Crownpoint,134
Fitchburg,134
Fort Myers,134
La Plata,134
Visalia,134
Johns Creek,133
Lisbon,133
Monterey,133
Mount Pleasant,133
Needles,133
Chico,132
Nashua,132
North Bergen,132
Brighton,131
Bristol,131
Modesto,131
St. George,131
Warner Robins,131
Franconia,130
Santa Barbara,130
Clinton Township,129
Coffeyville,129
Falls City,129
Havre,129
Martinsburg,129
Pensacola,129
Thornton,129
Wallingford,129
Winnebago,129
Dickinson,128
Dover,128
Little Elm,128
McLean,128
Patna,128
Santiago De Los Caballeros,128
Alpharetta,127
Oakhurst,127
Milton,126
Rio de Janeiro,126
Wauchula,126
Dawson,125
Elk Grove Village,125
Mississauga,125
Nuevo Laredo,125
Ogden,125
Suffolk,125
Chihuahua,124
Olathe,124
Saint Charles,124
San Marcos,124
Wesley Chapel,124
Clarksburg,123
Smyrna,123
South Jordan,123
Southfield,123
Spartanburg,123
Ville Platte,123
Helsinki,122
Kalamazoo,122
Palmer,122
Tegucigalpa,122
Walnut Ridge,122
Farmington,121
Flagstaff,121
Lowell,121
Marysville,121
Meridian,121
Prineville,121
Rancho Cordova,121
University Place,121
Bozeman,120
Camden,120
Grand Prairie,120
Williamsburg,120
Brunswick,119
Cancun,119
Centreville,119
Murrieta,119
Westland,119
White Plains,119
Yonkers,119
Cherry Hill,118
Dodge City,118
Las Cruces,118
Malvern,118
Orange,118
Pontiac,118
Santa Monica,118
Sidney,118
Temecula,118
Elgin,117
Fountain Hills,117
Great Falls,117
Sandy,117
Trujillo,117
Ventura,117
Victorville,117
Asuncion,116
Berlin,116
Bluffton,116
Chesterfield,116
Dubuque,116
Fontana,116
Hayward,116
Maryville,116
Wilson,116
Kalispell,115
Merkel,115
Farmington Hills,114
Longmont,114
Zapopan,114
Belleville,113
Bentonville,113
Deming,113
Elmira,113
Juneau,113
Longview,113
Battle Creek,112
Brockton,112
Eagle Butte,112
Four Corners,112
Hill City,112
North Little Rock,112
Palm Beach Gardens,112
Truth or Consequences,112
Caro,111
Cheektowaga,111
Lynchburg,111
Mexicali,111
Pageland,111
Palmdale,111
San Luis Obispo,111
South Bend,111
Addis Ababa,110
Astoria,110
Ellicott City,110
Greenacres,110
Milford,110
Spokane Valley,110
Swanzey,110
Valencia,110
Wyoming,110
Hoover,109
Manhattan,109
San Angelo,109
Schaumburg,109
Turlock,109
Wellington,109
Eagan,108
Ionia,108
Morrisville,108
Newport Beach,108
Sunrise,108
Urbandale,108
Eau Claire,107
Mission,107
Palm Coast,107
Palm Springs,107
Snellville,107
Grand Forks,106
North Charleston,106
Paterson,106
Pearland,106
Plantation,106
Tucker,106
Wake Forest,106
Highlands Ranch,105
Miami Gardens,105
Myrtle Beach,105
Nagpur,105
San Rafael,105
Summerville,105
Conway,104
Livermore,104
Livonia,104
Mechanicsville,104
Metairie,104
Miramar,104
Ankara,103
Bethlehem,103
Katy,103
Secaucus,103
St. Peters,103
Aberdeen,102
Cape Town,102
Coeur d'Alene,102
Corona,102
Goose Creek,102
Kettering,102
Maple Grove,102
Middletown Township,102
Surprise,102
Wenatchee,102
Arlington Heights,101
Belgrade,101
Dalton,101
Douglasville,101
Folsom,101
Grafton,101
Hendersonville,101
McDonough,101
Tel Aviv-Yafo,101
Broken Arrow,100
Conyers,100
El Cajon,100
Homestead,100
Hot Springs,100
New Delhi,100
Oxnard,100
Provo,100
Abilene,99
Creve Coeur,99
Jaipur,99
Minato City,99
Mission Viejo,99
Muskegon,99
New Brunswick,99
Sherman,99
Sun Prairie,99
Carson City,98
Chester,98
Davie,98
Ecatepec,98
Kaunakakai,98
Princeton,98
Santa Cruz,98
Sterling Heights,98
Towson,98
Boynton Beach,97
Brooklyn Park,97
Castle Rock,97
Covington,97
Fishers,97
Frankfort,97
Lehi,97
Pueblo,97
Rupert,97
Bangor,96
Corvallis,96
Easton,96
Lehigh Acres,96
Los Alamos,96
Riyadh,96
San Ramon,96
Sylvania,96
Batavia,95
Beaumont,95
Buford,95
Wayne,95
Bedford,94
Lewisburg,94
Pinellas Park,94
Sterling,94
Estes Park,93
High Point,93
Houghton,93
Mishawaka,93
Tehachapi,93
Altavista,92
Altoona,92
Kyiv,92
McClellan Park,92
Mooresville,92
Morgantown,92
Tigard,92
Toms River,92
Virden,92
Windsor,92
Coral Gables,91
Huntington,91
Utica,91
Clovis,90
Greenwood,90
Hanover,90
Kennewick,90
Kuala Lumpur,90
Toluca,90
Accra,89
Clearlake,89
Pflugerville,89
Rawalpindi,89
Tamiami,89
Tuscaloosa,89
Agra,88
Fairport,88
Glen Burnie,88
Renton,88
San Mateo,88
Bartlett,87
Bridgewater,87
Cordoba,87
Dearborn,87
Forest Grove,87
Fountain Hill,87
New Rochelle,87
Orangeburg,87
Orem,87
Surrey,87
Visakhapatnam,87
West Jordan,87
Westfield,87
Westlake,87
Apex,86
Apopka,86
Brookhaven,86
Burbank,86
Carmel,86
Champaign,86
Gurugram,86
Lakeville,86
Mesquite,86
San Pedro Sula,86
Seville,86
South Lake Tahoe,86
Warwick,86
Forest Park,85
Gardiner,85
Gresham,85
Hancock,85
Jena,85
Loma Linda,85
Murray,85
Pocahontas,85
Port Neches,85
Waukesha,85
Casper,84
Hilo,84
Maryland Heights,84
Mount Olive,84
Salinas,84
Severn,84
Tamarac,84
Woodlake,84
Bayamon,83
Cardiff,83
Edinburg,83
Exmore,83
Jacksonville Beach,83
Jefferson,83
Lake Forest,83
Missouri City,83
Oregon City,83
Scranton,83
Simi Valley,83
Springdale,83
Tuckahoe,83
Acworth,82
Gastonia,82
Hawthorne,82
Lewiston,82
Lynn,82
Manassas,82
Naples,82
Newnan,82
Picnic Point-North Lynnwood,82
Pipestone,82
Portola,82
Venice,82
Warm Springs,82
Williamston,82
Apple Valley,81
Arjona,81
Circleville,81
Hickory,81
Keller,81
Plainfield,81
Pomona,81
South Burlington,81
Titusville,81
Binghamton,80
Chillicothe,80
Citrus Heights,80
Harlingen,80
Howard City,80
Jasper,80
Kendall,80
Logan,80
Martin,80
Moreno Valley,80
Potomac,80
Rock Hill,80
Sebring,80
Chadron,79
Costa Mesa,79
Garden Grove,79
Martinez,79
Morelia,79
Niagara Falls,79
Tumwater,79
Twin Falls,79
Wilkes-Barre,79
Chisinau,78
Kenosha,78
Nuestra Senora de La Paz,78
Palm Desert,78
Piscataway,78
Winlock,78
Winter Haven,78
Yuba City,78
Emeryville,77
Midlothian,77
Muntinlupa,77
Napa,77
Norwich,77
Redstone Arsenal,77
Taguig,77
Tolleson,77
Waleska,77
Bel Air South,76
Brampton,76
Branford,76
Fort Pierce,76
Grants Pass,76
Hotchkiss,76
Newcastle upon Tyne,76
Rochester Hills,76
Saint Joseph,76
Standish,76
Camarillo,75
College Station,75
Dothan,75
Elizabeth,75
Fuquay-Varina,75
Holmen,75
Jesup,75
Menifee,75
Minot,75
Murrells Inlet,75
Olney,75
Parsippany-Troy Hills,75
Tomah,75
Union,75
Wittenberg,75
Woodbridge,75
Brookville,74
Broomfield,74
Buckeye,74
Elizabethtown,74
Freeport,74
Greer,74
Hattiesburg,74
Beaufort,73
Bhubaneswar,73
College Park,73
Evanston,73
Fullerton,73
Grand Island,73
Hamilton Township,73
Laurel,73
Leander,73
Mount Carmel,73
North Miami,73
North Naples,73
Oshkosh,73
Ridgecrest,73
Stockholm,73
Tysons,73
Wheaton-Glenmont,73
Colonie,72
Concepcion,72
El Segundo,72
Henderson,72
Kernersville,72
Maywood,72
Schenectady,72
Whittier,72
Ypsilanti Charter Township,72
Bolingbrook,71
Cookeville,71
Edmond,71
Kentwood,71
Ruskin,71
Siliguri,71
Sioux City,71
Tehran,71
Woburn,71
Zurich,71
Arden-Arcade,70
Bensalem,70
Chino,70
Deerfield Beach,70
Fort Smith,70
Kennesaw,70
Lake Havasu City,70
New Bedford,70
Seneca,70
Waukegan,70
Wylie,70
Castroville,69
Chapel Hill,69
Dorris,69
East Orange,69
Franklin Township,69
Getzville,69
Hemet,69
Homerville,69
Joplin,69
Lake Ridge,69
Layton,69
Norristown,69
Owings Mills,69
Rosenberg,69
Sheboygan,69
Colombo,68
Cranston,68
Delray Beach,68
Hackensack,68
Hanoi,68
Hermosillo,68
Jeffersonville,68
Jupiter,68
New Bern,68
Rio Rancho,68
Rogers,68
Vista,68
Brick Township,67
Butte,67
Courtland,67
Livingston,67
Mason,67
Parma,67
Rocklin,67
Sahibzada Ajit Singh Nagar,67
Seoul,67
Slidell,67
Three Rivers,67
West Sacramento,67
Ampek Angkek,66
Audubon,66
Cicero,66
Draper,66
Hamburg,66
King of Prussia,66
Land O' Lakes,66
Montclair,66
Reynosa,66
Stillwater,66
Waltham,66
Antioch,65
Artesia,65
Baytown,65
Blaine,65
Copperopolis,65
Davis,65
Downey,65
Elkhart,65
Guwahati,65
Hagerstown,65
Haines City,65
Lake Charles,65
Newington,65
North Port,65
Oakville,65
Paducah,65
Pennsville Township,65
Saginaw,65
Sierra Vista,65
Suitland-Silver Hill,65
Wheeling,65
Yerevan,65
Beirut,64
Blue Ridge,64
Cody,64
Culiacan,64
DeKalb,64
Edina,64
Galion,64
Harrisonburg,64
Hutchinson,64
Massillon,64
Merrimack,64
Owensboro,64
Perry,64
Post Falls,64
Racine,64
Spring,64
Texarkana,64
Union Park,64
Waynesboro,64
Canyon Lake,63
Cortez,63
Des Plaines,63
Dulles,63
Ho Chi Minh City,63
Pittsfield,63
Skokie,63
South Hill,63
Vallejo,63
Victoria,63
Vinita,63
Waldorf,63
Amherst,62
Arkadelphia,62
Bossier City,62
Bremerton,62
Caguas,62
Carlisle,62
Centerville,62
Cumberland,62
Lanai City,62
Redwood City,62
Vacaville,62
Valdosta,62
Abu Dhabi,61
Altamonte Springs,61
Brookfield,61
El Dorado Hills,61
Fall River,61
Fontainebleau,61
Ghaziabad,61
Gulfport,61
Hicksville,61
Huntersville,61
Kewanee,61
Kingman,61
Klamath Falls,61
Lovelock,61
Mount Laurel Township,61
New Britain,61
Oviedo,61
Park Falls,61
San Leandro,61
Spotsylvania Courthouse,61
The Villages,61
Tomahawk,61
Upland,61
Weatherford,61
Aiken,60
Amery,60
Beavercreek,60
Cape Girardeau,60
Centralia,60
Chelmsford,60
Downers Grove,60
Galveston,60
Gibsonton,60
Harrison,60
Heroica Veracruz,60
Kellogg,60
League City,60
Lexington Park,60
Miamisburg,60
Petersburg,60
Suwanee,60
Woodbury,60
Bristow,59
Elmhurst,59
Framingham,59
Green River,59
Levittown,59
Merritt Island,59
Quebec City,59
Rockledge,59
Rutland,59
Shelby Township,59
West Haven,59
Alhambra,58
Bailey's Crossroads,58
Cockeysville,58
Compton,58
Egg Harbor Township,58
Federal Way,58
Fulshear,58
Janesville,58
Lakeside,58
Port Charlotte,58
Shenandoah,58
Silver Springs,58
Somerville,58
Stigler,58
Wildwood,58
Williamsport,58
Biloxi,57
Bucharest,57
Catalina Foothills,57
East Lake-Orient Park,57
Herndon,57
Lenexa,57
Melville,57
New Lexington,57
Rexburg,57
San Dimas,57
Spring Valley,57
Tbilisi,57
Deltona,56
Encinitas,56
Fairbanks,56
Jeddah,56
Kingsport,56
Oak Park,56
Pittsburg,56
Pretoria,56
Schertz,56
Spirit Lake,56
Traverse City,56
West Seneca,56
Bullhead City,55
Dansville,55
Euless,55
Garden City,55
Glenview,55
Gloucester Township,55
Ken Caryl,55
Kings Point,55
Leon,55
Novi,55
Santa Maria,55
St. Augustine,55
Town 'n' Country,55
Villahermosa,55
Westerville,55
Alma,54
Cedar Falls,54
Garner,54
Groveton,54
Hector,54
Indio,54
Kokomo,54
Lufkin,54
Malden,54
Mankato,54
Northampton,54
Old Bridge,54
Palatine,54
Rockwell City,54
Severna Park,54
Sound Beach,54
Taunton,54
Wauwatosa,54
Bay Shore,53
Casas Adobes,53
Farragut,53
Flint,53
Fond du Lac,53
Guadalupe,53
Lodi,53
Mentor,53
Pikesville,53
Redlands,53
Saint Michael,53
Sevierville,53
Sturgeon Bay,53
Andover,52
Arnold,52
Beltsville,52
Bon Air,52
Bottineau,52
Cedar Park,52
Coatesville,52
Danbury,52
Doha,52
Fort Cavazos,52
Glasgow,52
Goldsboro,52
Irondequoit,52
Jamestown,52
Kathmandu,52
Lilburn,52
Ludhiana,52
Munich,52
Pawtucket,52
Shelby,52
St. Louis Park,52
State College,52
Warrenton,52
West Fargo,52
White City,52
Avon,51
Blue Springs,51
Boone,51
Cuenca,51
Dunwoody,51
Durgapur,51
Elkridge,51
Happy Valley,51
Hinesville,51
Independence charter Township,51
Iron Mountain,51
Live Oak,51
Northbrook,51
Parole,51
Pike Creek,51
Poinciana,51
Riverdale,51
Sturgis,51
Urbana,51
West Point,51
Winnsboro,51
Hillsborough Township,50
Lombard,50
Monroe Township,50
Noblesville,50
Norcross,50
Pagosa Springs,50
Pottstown,50
Shelton,50
Valley Stream,50
West Covina,50
Adrian,49
Ames,49
Bacoor,49
Brasilia,49
Bucaramanga,49
Chambersburg,49
Clermont,49
Colusa,49
Covina,49
Ellensburg,49
Greenwood Village,49
Gustine,49
Kannapolis,49
Marshfield,49
Natick,49
Orland Park,49
Ormond Beach,49
Rockwall,49
Rosario,49
San Clemente,49
South San Francisco,49
Terre Haute,49
The Hammocks,49
Youngstown,49
Aguascalientes,48
Alameda,48
Barnstable,48
Berea,48
Delaware,48
Elyria,48
Goodyear,48
Maracaibo,48
Navarre,48
Petaluma,48
Pocatello,48
Powder Springs,48
Prague,48
Santa Cruz de la Sierra,48
Secunderabad,48
Smithfield,48
Walla Walla,48
Weston,48
Abuja,47
Angeles,47
Atascocita,47
Butler,47
Doylestown,47
Ephrata,47
Farmers Branch,47
Foley,47
Forney,47
Greensburg,47
Hesperia,47
Holly Springs,47
Littleton,47
Lorain,47
Mableton,47
Naucalpan de Juarez,47
Neenah,47
Niles,47
North Richland Hills,47
Oak Lawn,47
Palm Harbor,47
Peachtree City,47
Romeoville,47
Roseburg,47
Tracy,47
Truckee,47
Belo Horizonte,46
Bonita Springs,46
Colesville,46
Commerce Charter Township,46
Copperas Cove,46
Evans,46
Garfield Township,46
Hempstead,46
North Laurel,46
Oro Valley,46
Pierre,46
San Pedro Garza Garcia,46
San Tan Valley,46
Stafford,46
Tupelo,46
Union City,46
Valparaiso,46
Vineland,46
Brea,45
Burley,45
Burnsville,45
Chamblee,45
Charles Town,45
Drexel Hill,45
Grove City,45
Issaquah,45
Kampala,45
Milpitas,45
Piqua,45
Royal Oak,45
Slayton,45
Somerset,45
Sydney,45
Thomasville,45
West Goshen,45
Winter Garden,45
Benton,44
Buena Park,44
Buffalo Grove,44
Chandigarh,44
Chicopee,44
Collierville,44
Columbia City,44
Cottage Grove,44
Dentsville,44
Fort Washington,44
Freehold Township,44
Hastings,44
La Grange,44
Linden,44
Mandeville,44
Montrose,44
Mountain Home,44
North Creek,44
Ocean Springs,44
Osceola,44
Piedras Negras,44
Ponce,44
Sharonville,44
Shawnee,44
Show Low,44
Statesville,44
Warminster,44
Webster,44
West Babylon,44
Alamogordo,43
Arcata,43
Bacolod,43
Barquisimeto,43
Blue Earth,43
Branson,43
Colonial Park,43
Council Bluffs,43
Cutler Bay,43
East Brunswick,43
Irmo,43
Margate,43
Maricopa,43
Marlborough,43
Paramus,43
Port Harcourt,43
Queensbury,43
Ripley,43
Rockingham,43
Talladega,43
Taylor,43
Barstow,42
Bridgman,42
Carson,42
Casa Grande,42
Charlotte Amalie,42
El Monte,42
Hazleton,42
Kalaheo,42
Kirkwood,42
Leominster,42
Liberty,42
Luton,42
Matamoros,42
Multan,42
Portales,42
Poway,42
Purcellville,42
Readington Township,42
Saco,42
Sammamish,42
Sherwood,42
Silverdale,42
Stuart,42
Wantagh,42
West Orange,42
Ada,41
Aventura,41
Bloomfield Township,41
Carmel Hamlet,41
Claremore,41
Copenhagen,41
Dundalk,41
Eldersburg,41
Etna,41
Houma,41
Mason City,41
Olive Branch,41
Oslo Municipality,41
Petoskey,41
Plattsburgh,41
Puyallup,41
Randolph,41
Ross Township,41
Stevens Point,41
Agoura Hills,40
Beckley,40
Carolina Forest,40
Cleveland Heights,40
Coon Rapids,40
DeLand,40
Exton,40
Falmouth,40
Forest Hill,40
Fort Liberty,40
Grovetown,40
Ironton,40
Laguna Niguel,40
Lenoir,40
Linganore-Bartonsville,40
Lisle,40
Lockport,40
Makati,40
McCandless,40
Meridian charter Township,40
Muncie,40
Muskegon charter Township,40
New Berlin,40
Painesville,40
Pasco,40
Pine Hills,40
Port Angeles,40
Port Orange,40
Pulaski,40
Remington,40
Shanor-Northvue,40
Torreon,40
Wagoner,40
Woodfin,40
Blue Ash,39
Camp Hill,39
Celina,39
Chino Hills,39
Collinsville,39
Country Knolls,39
Edmonds,39
Elkton,39
Envigado,39
Greenwich,39
Hauppauge,39
Holland,39
Ithaca,39
Julesburg,39
Lansdale,39
Martinsville,39
Merrillville,39
Oakland City,39
Peabody,39
Porterville,39
San Luis Potosi,39
South Brunswick Township,39
University City,39
Vestavia Hills,39
Waterville,39
Alexis,38
Anacortes,38
Ankeny,38
Ballwin,38
Belfast,38
Cartersville,38
Catonsville,38
Coram,38
Cuautitlan Izcalli,38
Edinburgh,38
Fairmont,38
Golden,38
Griffin,38
Izmir,38
Luray,38
Montebello,38
Pecan Grove,38
Pereira,38
Perryville,38
Punta Gorda,38
Red Bank,38
Ridgewood,38
Ronkonkoma,38
Shrewsbury,38
Statesboro,38
Strongsville,38
Vernon,38
Willmar,38
Wooster,38
Attleboro,37
Avondale,37
Carmichael,37
Cave Spring,37
Ciudad Apodaca,37
Evesham,37
Fort Lee,37
Fulton,37
Gillette,37
Halifax Regional Municipality,37
Hershey,37
Hoffman Estates,37
Jackson Township,37
Johannesburg,37
La Grande,37
Laramie,37
Marana,37
Mazatlan,37
Mount Prospect,37
New Albany,37
Pachuca,37
Pahrump,37
Pineville,37
Sequim,37
Shelbyville,37
Simpsonville,37
Tustin,37
Wall Township,37
Wellesley,37
Yorkville,37
Antofagasta,36
Aspen Hill,36
Barron,36
Bithlo,36
Bothell,36
Crofton,36
Dar es Salaam,36
Duffield,36
East Providence,36
Ferguson,36
Fort Gregg-Adams,36
Hermiston,36
Hialeah Gardens,36
Lee's Summit,36
Loganville,36
Mabalacat,36
Neiva,36
Oak Creek,36
Onalaska,36
Perry Hall,36
Pharr,36
Potomac Falls,36
Poughkeepsie,36
Powell,36
Redondo Beach,36
Riviera Beach,36
Solon,36
Spencer,36
St. Charles,36
Texas City,36
Vero Beach,36
Weslaco,36
Wroclaw,36
Addison,35
Arcadia,35
Batangas,35
Bay City,35
Bel Air North,35
Blacksburg,35
Budapest,35
Carol Stream,35
Charles City,35
Christiansburg,35
Council Grove,35
Crestview,35
Devault,35
Ewing Township,35
Front Royal,35
Granbury,35
Guaynabo,35
Lynnwood,35
Michigan City,35
Nassau,35
Oaxaca,35
Osborne,35
Socastee,35
Southern Pines,35
Wellston,35
Weymouth,35
Wymore,35
Baguio,34
Bemidji,34
Bessemer,34
Cedar City,34
Culver City,34
Edgewood,34
Estero,34
Friendswood,34
Glen Allen,34
Golden Valley,34
Hunters Creek,34
Kenner,34
Kinston,34
Leeds,34
Meadville,34
Mebane,34
Morgan,34
Newburgh,34
Oak Harbor,34
Parkville,34
Phenix City,34
Pottsville,34
Powhatan,34
Prescott Valley,34
Queen Creek,34
Rawlins,34
St. Clair Shores,34
Stanton,34
Sugar Hill,34
Sulphur Springs,34
Tinley Park,34
University,34
West Chicago,34
White Bear Lake,34
Whitehouse,34
Zionsville,34
American Fork,33
Auckland,33
Belton,33
Boerne,33
Bridgeton,33
Burnaby,33
Caloocan,33
Clarkfield,33
Culpeper,33
Daleville,33
Danvers,33
Deerfield,33
El Centro,33
Elizabeth City,33
Enterprise,33
Flowood,33
Fountain Valley,33
Gettysburg,33
Hilton Head Island,33
Huntington Station,33
Lutz,33
Maplewood,33
Marlin,33
Medina,33
Mount Holly,33
Ramsey,33
SeaTac,33
West Allis,33
West Bloomfield Township,33
Xalapa,33
Zephyrhills,33
Bangkok,32
Batesville,32
Blythewood,32
Crystal Lake,32
Cuernavaca,32
Derry,32
Detroit Lakes,32
Ensenada,32
Essex,32
Fair Lawn,32
Geneva,32
Glenwood Springs,32
Goldenrod,32
Haxtun,32
Hillsville,32
Imus,32
Julian,32
Lima,32
Los Gatos,32
Madurai,32
Millcreek,32
Miramar Beach,32
Mount Airy,32
Normal,32
Norwood,32
Salina,32
Santa Tecla,32
Stroudsburg,32
Teaneck,32
Timonium,32
Walker,32
Waterford Township,32
Aliso Viejo,31
Alton,31
Arequipa,31
Baxter Springs,31
Bethel Park,31
Cork,31
Dacula,31
Dade City,31
DeSoto,31
Foster City,31
Glendive,31
Gloucester,31
Grass Valley,31
Holyoke,31
La Porte,31
Lake Oswego,31
Long Branch,31
Novato,31
Oakton,31
Peekskill,31
Prattville,31
Riverview,31
Rockvale,31
Two Rivers,31
Vaughan,31
Villavicencio,31
Wauseon,31
Williston,31
Woodland,31
Yorba Linda,31
Bayonne,30
Beebe,30
Belle Fourche,30
Beverly,30
Canon City,30
Cheverly,30
Claremont,30
College,30
Effingham,30
Enfield,30
Enid,30
Gray,30
Harker Heights,30
Heppner,30
Islip,30
Ivins,30
Kimball,30
Lakeway,30
Montville,30
Morgan Hill,30
Mt. Juliet,30
Muskogee,30
New Baltimore,30
Newman,30
Nome,30
Plainsboro Township,30
Rolla,30
Seguin,30
Skidaway Island,30
Southaven,30
Southold,30
Temple Terrace,30
Tualatin,30
Turin,30
Vijayawada,30
Wentzville,30
West Springfield,30
Wheat Ridge,30
Abington,29
Antipolo,29
Beckett Ridge,29
Berkeley Township,29
Berwyn,29
Birdsboro,29
Defiance,29
Elmwood,29
Eustis,29
Gardner,29
Gig Harbor,29
Great Neck,29
Kinsley,29
Lewes,29
Monticello,29
Moore,29
Morris Township,29
Mount Horeb,29
Niceville,29
North Augusta,29
North Miami Beach,29
Pleasant Grove,29
Pleasant Hill,29
Pooler,29
Port Orchard,29
Rohnert Park,29
Slippery Rock,29
Southampton,29
Spring Lake,29
Stoughton,29
Tukwila,29
Vadodara,29
Watsonville,29
West Hartford,29
West Windsor Township,29
Westborough,29
White Oak,29
Winter Springs,29
Ardmore,28
Bartlesville,28
Cerritos,28
Chaska,28
Clarinda,28
Crossville,28
Dumfries,28
East Farmingdale,28
Emporia,28
Erwin,28
Faisalabad,28
Fort Bragg,28
Fort Mill,28
Fort Morgan,28
Goleta,28
Grand Blanc Township,28
Greater Landover,28
Green,28
Greeneville,28
Grinnell,28
Heredia,28
Inglewood,28
Jakarta,28
Keystone,28
Knightdale,28
Krakow,28
Lumberton,28
Manchester Township,28
Mathis,28
Menomonie,28
Midwest City,28
Milledgeville,28
Monroeville,28
New London,28
Ocean City,28
Overland,28
Perris,28
Peshawar,28
Piopolis,28
Riverton,28
Sedan,28
Socorro,28
Sparta,28
Stony Brook,28
Tiffin,28
Twinsburg,28
Ukiah,28
Weehawken,28
West Bend,28
West Lafayette,28
Zanesville,28
Auburndale,27
Barboursville,27
Beloit,27
Boiling Springs,27
Brainerd,27
Burleson,27
Burlingame,27
Canby,27
Carthage,27
Commack,27
Cranberry Township,27
Cuyahoga Falls,27
Daphne,27
De Pere,27
Diamond Bar,27
Durant,27
Eagle Grove,27
Elmont,27
Fernandina Beach,27
Fernley,27
Fox Chapel,27
Galloway,27
Glendora,27
Golden Gate,27
Graham,27
Gretna,27
Hawkinsville,27
Hopkinsville,27
Key West,27
Kyle,27
La Habra,27
Leland,27
Maumee,27
Methuen,27
Mililani,27
Morganton,27
Moultrie,27
Mount Lebanon,27
Mysuru,27
Nanticoke,27
Navi Mumbai,27
Ocean Township,27
Opelika,27
Oswego,27
Phoenixville,27
Pinehurst,27
Silver Springs Shores,27
Taylors,27
Vail,27
Washington Township,27
Waxahachie,27
West Chester,27
West Memphis,27
Westford,27
Winter Park,27
Beacon,26
Bluefield,26
Blytheville,26
Bulverde,26
Chardon,26
Del Rio,26
Delano,26
Eaton Rapids,26
Fawn Grove,26
Fenton,26
Five Forks,26
Fort Walton Beach,26
Gooding,26
Groton,26
Horizon City,26
Indian Trail,26
Kaneohe,26
Kendale Lakes,26
Kendall West,26
Lake Arbor,26
Lincolnton,26
Little River,26
Los Altos,26
Madera,26
Madison Heights,26
Marshalltown,26
Middleton,26
Milford Mill,26
Montpelier,26
New Hampton,26
North Highlands,26
Ocoee,26
Owasso,26
Plymouth Meeting,26
Port Huron,26
Redan,26
Regina,26
Rhinelander,26
Ridgefield,26
Ridgeland,26
Smithtown,26
South Portland,26
Stevensville,26
Wabash,26
West Melbourne,26
Woodmere,26
Asheboro,25
Ballenger Creek,25
Bayonet Point,25
Campbell,25
Commerce City,25
Coronado,25
Croydon,25
Delmar,25
East Meadow,25
Eastman,25
Frazier Park,25
Gallatin,25
Gatineau,25
Glenwood,25
Gloversville,25
Grand Haven,25
Howell Township,25
Kenmore,25
Kerrville,25
King George,25
Lompoc,25
Mandaluyong,25
McPherson,25
Menomonee Falls,25
Merrifield,25
Mill Creek,25
Mineola,25
New City,25
New Smyrna Beach,25
O'Hara Township,25
Oak Hill,25
Orion Township,25
Owatonna,25
Parkland,25
Prosper,25
Pullman,25
Richmond West,25
Riga,25
Rockville Centre,25
Santee,25
Scottsbluff,25
South Kingstown,25
South Laurel,25
South Plainfield,25
Srinagar,25
Tarpon Springs,25
Vernal,25
Vicksburg,25
Westmont,25
Wyomissing,25
Amelia,24
Baraboo,24
Basse Sangtempe,24
Bellflower,24
Big Rapids,24
Bonney Lake,24
Boonville,24
Brambleton,24
Chalmette,24
Cibolo,24
Dalhart,24
Dillon,24
Fallon,24
Goshen,24
Highland Park,24
Hockessin,24
Ketchum,24
Lapu-Lapu City,24
Lock Haven,24
Long Neck,24
Marlboro,24
Mint Hill,24
Moorestown,24
New Philadelphia,24
North Canton,24
Oakdale,24
Paso Robles,24
Pelham,24
Pewaukee,24
Richmond Hill,24
Royse City,24
Saltillo,24
San Carlos,24
Sanatoga,24
Sapulpa,24
South Windsor,24
Stanwood,24
Starke,24
Superior,24
Tillamook,24
Valentine,24
Victor,24
Washington Court House,24
West Falls Church,24
Westport,24
Windham,24
Yankton,24
Ackerman,23
Algonquin,23
Aloha,23
Bartow,23
Benson,23
Braselton,23
Canandaigua,23
Celaya,23
Chatham,23
Cocoa,23
Cranford,23
Curitiba,23
Ewa Beach,23
Fort Belvoir,23
Fort Campbell,23
Fruit Cove,23
Gadsden,23
Geneseo,23
Gurnee,23
Hamden,23
Hampton Township,23
Hardeeville,23
Hohenwald,23
Junction City,23
Laie,23
Laurens,23
Manteca,23
Middleburg Heights,23
North Brunswick Township,23
Oak Brook,23
Orange City,23
Papillion,23
Paranaque,23
Pembroke,23
Plant City,23
Rahway,23
Reisterstown,23
Reynoldsburg,23
Richfield,23
Riverhead,23
Rock Island,23
Saint-Majorique-de-Grantham,23
Sandalfoot Cove,23
Sarasota Springs,23
Saratoga,23
Saugerties,23
Shakopee,23
Shallotte,23
Stewartville,23
Town and Country,23
Upper Providence Township,23
Vilnius,23
Walnut,23
Walterboro,23
Warrington,23
West Deptford,23
Wise,23
Woodland Park,23
Abbeville,22
Alabaster,22
Alpena,22
Arcola,22
Baldwin Park,22
Barnegat Township,22
Beatrice,22
Bennett,22
Bixby,22
Blairsville,22
Calamba,22
Carolina,22
Chelsea,22
Coalgate,22
Dahlgren,22
Damascus,22
Delta charter Township,22
Dunedin,22
East Lansing,22
Fairborn,22
Fergus Falls,22
Findlay,22
Forest Hills,22
Gary,22
Glastonbury,22
Gonzales,22
Hinsdale,22
Hollister,22
Iloilo City,22
Johnston,22
Kihei,22
Kingsland,22
Kitchener,22
Lake Mary,22
Lake Zurich,22
Lauderhill,22
Lipa,22
Mauldin,22
Menlo Park,22
Mequon,22
Meriden,22
Ooltewah,22
Pekin,22
Poquoson,22
Porter,22
Sandwich,22
Schererville,22
Spruce Pine,22
Tallinn,22
Tifton,22
Valley City,22
Wareham,22
Waverly,22
Waynesville,22
Wexford,22
Woonsocket,22
Yulee,22
Zagreb,22
Aberdeen Proving Ground,21
Alcoa,21
Anoka,21
Apache Junction,21
Bay Lake,21
Bountiful,21
Bradford,21
Cabot,21
Cedar Hill,21
Chattogram,21
Cochabamba,21
Colton,21
Cottonwood Heights,21
Crystal City,21
Cucuta,21
Dahlonega,21
Easley,21
East Hartford,21
Fort Dodge,21
Fort Johnson South,21
Gorham,21
Greencastle,21
Haverhill,21
Hays,21
Hiram,21
Hood River,21
Lake Stevens,21
Lamar,21
Lincoln City,21
Lyndhurst,21
Mattoon,21
Middleburg,21
Moorpark,21
Munster,21
New Carrollton,21
New Milford,21
Nogales,21
Osaka,21
Park Ridge,21
Pasay,21
Pleasant Prairie,21
Port Arthur,21
Port Townsend,21
Rancho San Diego,21
Ranson,21
Rotterdam,21
Roxboro,21
Saint Petersburg,21
Sedalia,21
Shiloh,21
Steamboat Springs,21
Tomball,21
Tooele,21
Tullahoma,21
Valley Forge,21
Van Buren Charter Township,21
Vidalia,21
Villa Rica,21
Wakefield,21
Whitefish,21
Wilsonville,21
Yreka,21
Antelope,20
Barbourville,20
Belmont,20
Bennington,20
Billerica,20
Blountstown,20
Bologna,20
Butuan City,20
Cagayan de Oro,20
Cantonment,20
Clarendon,20
Cottonwood,20
Coventry,20
Crescent City,20
East Point,20
Eden,20
Faribault,20
Flint Township,20
Fort Carson,20
Fort Drum,20
Friday Harbor,20
Great Bend,20
Greater Carrollwood,20
Gunnison,20
Herne,20
Kalaoa,20
Kaysville,20
Keene,20
Key Largo,20
Los Mochis,20
McAlester,20
Miami Springs,20
Morris,20
Muenster,20
Needham,20
Neptune Township,20
Newburyport,20
North Royalton,20
North Tonawanda,20
Paragould,20
Pearl,20
Port of Spain Corporation,20
Prince Frederick,20
Quakertown,20
Rialto,20
Rockaway Township,20
Rosaryville,20
Rosemount,20
San Juan Capistrano,20
Saranac Lake,20
Sayre,20
Scotts Valley,20
Shaker Heights,20
Sharon,20
Shoreview,20
Silver City,20
Sofia,20
South Lyon,20
Stuttgart,20
Syosset,20
Tahlequah,20
Thiruvananthapuram,20
Trumbull,20
West Wendover,20
Winslow Township,20
Wisconsin Rapids,20
Yardley,20
Yarmouth,20
Allendale Charter Township,19
Atascadero,19
Bainbridge Island,19
Bardstown,19
Bear,19
Bella Vista,19
Brewer,19
Buda,19
Carpentersville,19
Colon,19
Desert Hot Springs,19
Doraville,19
Drexel Heights,19
East Greenbush,19
East Wenatchee,19
East Windsor,19
Edgefield,19
Edgewater,19
Egypt Lake-Leto,19
Endicott,19
Exeter,19
Fort Irwin,19
Fruita,19
Glennville,19
Granger,19
Hampstead,19
Hampton Bays,19
Hardinsburg,19
Hermitage,19
Highland,19
Hope Mills,19
Howell,19
Huber Heights,19
Hyattsville,19
Immokalee,19
Jammu,19
Kirksville,19
La Quinta,19
LaFollette,19
Lake Elsinore,19
Lawrence Township,19
Lawrenceburg,19
Lewistown,19
Libertyville,19
Lone Tree,19
Mayaguez,19
Mayfield Heights,19
Meadow Woods,19
Montgomeryville,19
Morehead City,19
Murrysville,19
Myakka City,19
North Liberty,19
North Manchester,19
Novi Sad,19
Odenton,19
Pennsauken Township,19
Perrysburg,19
Plain Dealing,19
Port Washington,19
Redford Charter Township,19
Rock Springs,19
Rockland,19
Roxbury Township,19
Saint Michaels,19
Shady Hills,19
Spanish Fork,19
Sun City,19
Tarlac City,19
Three Lakes,19
Tulare,19
Vernon Hills,19
Waveland,19
Waxhaw,19
West Columbia,19
West Islip,19
West Plains,19
Belleview,18
Biddeford,18
Bunnell,18
Canonsburg,18
Casselton,18
Cheboygan,18
Cheney,18
Chesterton,18
Commerce,18
Crown Point,18
Davison,18
Derby,18
Dickson,18
East Massapequa,18
Eatontown,18
Fairhope,18
Fairmount,18
Fort Meade,18
Fort Riley,18
Gallup,18
Indiana,18
Kigali,18
Landen,18
Latham,18
Lehighton,18
Lititz,18
Loris,18
Lovington,18
Ludington,18
Manhattan Beach,18
March Air Reserve Base,18
Mehlville,18
Mitchell,18
Monrovia,18
Montego Bay,18
Newtown,18
North Kingstown,18
Paw Paw,18
Plymouth Charter Township,18
Rice Lake,18
Rigby,18
Ruidoso,18
Russellville,18
Rutherford,18
Saint Marys,18
Sana'a,18
Sandusky,18
Selah,18
Spanaway,18
Stow,18
Tampico,18
Tonawanda,18
6th of October City,17
Alsip,17
Atwood,17
Bastrop,17
Broomall,17
Buena Vista,17
Byron,17
Cabanatuan City,17
Calumet City,17
Camp Pendleton North,17
Cape Charles,17
Casablanca,17
Centereach,17
Ciudad Obregon,17
Cupertino,17
Dexter,17
Durban,17
East Norriton,17
Eloy,17
Fort Defiance,17
Franklin Park,17
Gardena,17
Giza,17
Glen Cove,17
Hodgenville,17
Hurricane,17
Jerusalem,17
Jordan,17
La Puente,17
Linthicum Heights,17
Liverpool,17
Lyon,17
Mammoth Lakes,17
Minden,17
Montrose-Ghent,17
Mount Shasta,17
New Cairo City,17
Olean,17
Panthersville,17
Paoli,17
Poteau,17
Poulsbo,17
Prior Lake,17
Puerto Vallarta,17
Rancho Santa Margarita,17
Randallstown,17
Red Lodge,17
Rowland Heights,17
Rustburg,17
San Jacinto,17
San Miguel de Tucuman,17
Sandston,17
Seaside,17
Sebastian,17
Sitka,17
Sonipat,17
Tully,17
Westbury,17
Westchester,17
Westerly,17
White Lake charter Township,17
Whitehall,17
Acton,16
Ambato,16
Atoka,16
Bad Axe,16
Bealeton,16
Big Stone Gap,16
Bishkek,16
Brandywine,16
Chanhassen,16
Clearfield,16
Clemmons,16
Clemson,16
Coconut Creek,16
Dasmarinas,16
Dehradun,16
Destin,16
Downingtown,16
Erlanger,16
Forsyth,16
Fountain,16
Foxborough,16
Fridley,16
Gahanna,16
Guthrie,16
Hartwell,16
Homewood,16
Hopewell,16
Huntingtown,16
Huntley,16
Kapolei,16
Kenai,16
Lihue,16
Lincoln Park,16
Locust Grove,16
Maitland,16
Malaga,16
Manitowoc,16
Massapequa,16
McGregor,16
Mescalero,16
Millburn,16
Millsboro,16
Moab,16
Mount Kisco,16
Mundelein,16
Muskego,16
New Brighton,16
New Iberia,16
Nicholasville,16
North Attleborough,16
Northlake,16
Oak Island,16
Oatfield,16
Okeechobee,16
Okmulgee,16
Ottumwa,16
Perkasie,16
Pickens,16
Piura,16
Rockport,16
Rowlett,16
Saint Augustine Shores,16
Sayreville,16
Scarborough,16
Schofield Barracks,16
Seabrook,16
Seymour,16
Skowhegan,16
South Salt Lake,16
Sparta Township,16
Springboro,16
Stafford Township,16
Starkville,16
Summit,16
Sunbury,16
Sycamore,16
Tunis,16
Tuxtla Gutierrez,16
Upton,16
Vigo,16
Washington Crossing,16
Wedgefield,16
Weigelstown,16
Willingboro,16
Winder,16
Withamsville,16
Woolwich Township,16
78740,15
Alliance,15
Aransas Pass,15
Arecibo,15
Azusa,15
Bay Minette,15
Bergenfield,15
Bhopal,15
Brazil,15
Brent,15
Castro Valley,15
Cheshire,15
Ciudad Lopez Mateos,15
Clarksdale,15
Claymont,15
Cornelius,15
Fitzgerald,15
Grand Lake,15
Grand Rapids charter Township,15
Hailey,15
Hanford,15
Harrisonville,15
Headland,15
Hingham,15
Iligan City,15
Imperial,15
Iron River,15
Jamison,15
Kingsburg,15
LaGrange,15
Laurinburg,15
Lely Resort,15
Lucena,15
Mahwah,15
Marine Corps Air Station Cherry Point,15
Massena,15
Miles City,15
Mokena,15
Mountain Park,15
New Lenox,15
North Myrtle Beach,15
Norton Shores,15
Ossining,15
Palm City,15
Parnamirim,15
Pensacola Beach,15
Placerville,15
Plainville,15
Pleasantville,15
Poplar Bluff,15
Port Wing,15
Ramona,15
Reidsville,15
Republic,15
Rochelle,15
Rosemead,15
San Benito,15
San Gabriel,15
San Juan del Rio,15
Saskatoon,15
Selmer,15
Shamokin,15
Shoreline,15
Stephenville,15
Tepatitlan de Morelos,15
Uniondale,15
Walpole,15
Waukee,15
Webster Groves,15
Willow Park,15
Yucaipa,15
Zaragoza,15
Zion,15
Albert Lea,14
Allegan,14
Alvin,14
Arbutus,14
Arroyo Grande,14
Atwater,14
Baldwinsville,14
Barrington,14
Baxter,14
Bee Ridge,14
Berlin Township,14
Black Forest,14
Blair,14
Chester Springs,14
Chillum,14
Crawfordsville,14
Crawfordville,14
Crystal,14
Cullman,14
Dearborn Heights,14
Dedham,14
Degollado,14
Duncanville,14
Eagle Mountain,14
Ensley,14
Fair Oaks,14
Fairview,14
Feasterville-Trevose,14
Ferndale,14
Gardnerville,14
Genoa,14
Hannibal,14
Harvey,14
Hermosa Beach,14
Hurst,14
Inver Grove Heights,14
Isle of Palms,14
Jay,14
Jefferson Valley,14
Kingstree,14
La Mirada,14
Lake Placid,14
Laval,14
Lincolnwood,14
Logansport,14
Lusaka,14
Luxembourg,14
Maracay,14
Markham,14
Marrero,14
Matthews,14
McKinleyville,14
Melrose Park,14
Miami Lakes,14
Monteria,14
Mound City,14
Mukwonago,14
Murcia,14
Muscle Shoals,14
New Ulm,14
Nixa,14
Orono,14
Otsego,14
Pemberton Township,14
Plainview,14
Poplarville,14
Porto Alegre,14
Prairieville,14
Recife,14
Red Wing,14
Rosemont,14
Rossville,14
Rotonda West,14
Royal Palm Beach,14
Sahuarita,14
Salta,14
San Luis,14
Sartell,14
Scottsburg,14
Sheffield,14
Shirley,14
Sikeston,14
Soweto,14
Spencerport,14
Taos,14
University Park,14
Vinings,14
Westwood,14
Williamsville,14
Wyldwood,14
Yelm,14
Accokeek,13
Agartala,13
Alachua,13
Angola,13
Avon Lake,13
Bala Cynwyd,13
Beachwood,13
Belle Plaine,13
Beresford,13
Blackman,13
Bluffdale,13
Boothwyn,13
Brussels,13
Bryant,13
Bryn Athyn,13
Burr Ridge,13
California,13
Carney,13
Carroll,13
Casselberry,13
Chia,13
Cloquet,13
Coppell,13
Corning,13
Darien,13
Denham Springs,13
Dix Hills,13
Dripping Springs,13
Duncan,13
East Peoria,13
Eastpointe,13
Elk River,13
Gates-North Gates,13
Georgetown Township,13
Green Cove Springs,13
Harare,13
Herriman,13
Holtsville,13
Homosassa Springs,13
Horsham,13
Huntingdon,13
Kaiserslautern,13
Kearny,13
La Pine,13
Laguna Hills,13
Lansdowne,13
Lapeer,13
Lemont,13
Lewis Center,13
Londonderry,13
Lynn Haven,13
Manor,13
McHenry,13
Middle River,13
Morrow,13
New Hope,13
North Kansas City,13
North New Hyde Park,13
North Platte,13
North Ridgeville,13
Oneonta,13
Pace,13
Park Rapids,13
Pawnee City,13
Picayune,13
Piedmont,13
Port Isabel,13
Richlands,13
Ruston,13
Salunga-Landisville,13
Samarkand,13
Scottdale,13
Shepherdsville,13
South Holland,13
Southborough,13
Staunton,13
Stoneham,13
Sulphur,13
Sun City West,13
Surat,13
Tarboro,13
Tarrytown,13
Trappe,13
Tyngsborough,13
Vina del Mar,13
Waipahu,13
Worthington,13
Yerington,13
Airway Heights,12
Albertville,12
Albion,12
Alice,12
Almaty,12
Ashtabula,12
Auburn Hills,12
Banning,12
Beechwood,12
Belfair,12
Bensenville,12
Big Spring,12
Brookline,12
Caldwell,12
Callaway,12
Camas,12
Campton Hills,12
Chiclayo,12
Chimalhuacan,12
City of Industry,12
Cleburne,12
Clyde,12
Cocoa Beach,12
Coldwater,12
Corydon,12
Dakar,12
Delta,12
Dnipro,12
Doctor Phillips,12
East Chicago,12
Elberton,12
Elkhorn,12
Facatativa,12
Fairland,12
Fearrington,12
Friendly,12
Gdansk,12
Gering,12
Gujranwala,12
Guymon,12
Harlan,12
Hartland,12
Hayden,12
Hernando,12
Hillsdale,12
Inverness,12
Jasmine Estates,12
LaBelle,12
Lake Worth Beach,12
Libby,12
Lizella,12
Lower Township,12
Malolos,12
Mango,12
Manning,12
Mikolow,12
Millbrae,12
Milwaukie,12
Mocksville,12
Mount Repose,12
Muscatine,12
Narragansett,12
National City,12
Nis,12
North Olmsted,12
Northfield,12
Oakland Park,12
Oconomowoc,12
Orangevale,12
Palm Valley,12
Pataskala,12
Perth,12
Perth Amboy,12
Petah Tikva,12
Pinckney,12
Rainelle,12
Reedsburg,12
Robinson,12
Roselle,12
Round Lake Beach,12
Sachse,12
Saline,12
Salvador,12
San Carlos Park,12
San Fernando,12
San Luis Rio Colorado,12
Satellite Beach,12
Scarsdale,12
Scott,12
Scott Township,12
Sebastopol,12
Shippensburg,12
Smith Center,12
St. Catharines,12
Summit Township,12
Taylorsville,12
Tepic,12
The Colony,12
The Hague,12
Thomaston,12
Universal City,12
Upper Grand Lagoon,12
Vandalia,12
Versailles,12
Waconia,12
Warrensburg,12
Wellsville,12
Willemstad,12
Williamstown,12
Wyndham,12
Wytheville,12
Agawam,11
Ahoskie,11
Albemarle,11
Amritsar,11
Antwerp,11
Ashwaubenon,11
Atmore,11
Bainbridge,11
Baku,11
Belize City,11
Belle Glade,11
Berkeley Heights,11
Black River Falls,11
Breckenridge,11
Brownsburg,11
Calexico,11
Cayce,11
Cayey,11
Cherokee,11
Ciudad Victoria,11
Clarion,11
Cloverdale,11
Coral Terrace,11
Cordova,11
Cortland,11
Croton-on-Hudson,11
Cypress Lake,11
Daly City,11
Deptford,11
Djibouti,11
Donalsonville,11
East Patchogue,11
Elizabethton,11
Euclid,11
Festus,11
Fincastle,11
Forestville,11
General Trias,11
Glendale Heights,11
Gloucester Point,11
Guilford,11
Harrison Township,11
Holbrook,11
Homer Glen,11
Irvington,11
Kailua,11
Kennett,11
Kenwood,11
Ketchikan,11
Lago Vista,11
Lake Katrine,11
Leawood,11
Lethbridge,11
Lynbrook,11
Lyndon,11
Markdale,11
Maumelle,11
Mayfield,11
Midvale,11
Montesano,11
Morton,11
Mount Dora,11
Mount Pocono,11
Naugatuck,11
Newberg,11
Pawleys Island,11
Payson,11
Pell City,11
Pico Rivera,11
Pine Ridge,11
Poznan,11
Presque Isle,11
Radcliff,11
Ravenna,11
Red Bluff,11
Richmond Heights,11
Salmon Creek,11
Searcy,11
Selinsgrove,11
Seward,11
Shelburne,11
Short Pump,11
Simsbury,11
Snoqualmie,11
Southlake,11
Steubenville,11
Suffern,11
Sylacauga,11
The Dalles,11
Tirana,11
Toano,11
Trotwood,11
Valdez,11
Van Buren,11
Varanasi,11
Wells,11
Willoughby,11
Willowbrook,11
Wixom,11
Woodridge,11
63162,10
83119,10
A Coruna,10
Abbotsford,10
Affton,10
Air Force Academy,10
Alamo,10
Atchison,10
Austintown,10
Bellefonte,10
Bellview,10
Berhampore,10
Bethel,10
Bilbao,10
Black Mountain,10
Boca Del Mar,10
Boyne City,10
Burien,10
Burlington Township,10
Camano,10
Camdenton,10
Cameron Park,10
Campinas,10
Cape Saint Claire,10
Catania,10
Cathedral City,10
Champlin,10
Chippewa Falls,10
Colchester,10
Craig,10
Dumbarton,10
Eagle Pass,10
Emigsville,10
Enniskillen,10
Fair Plain,10
Fort Leavenworth,10
Fruitland,10
Garfield,10
Garfield Heights,10
Gaylord,10
General Santos City,10
Glencoe,10
Griffith,10
Griswold,10
Grundy,10
Hallandale Beach,10
Hazelwood,10
Hazlet,10
Hillsborough,10
Hobbs,10
Hollidaysburg,10
Hooksett,10
Hopewell Township,10
Huron,10
Irapuato,10
Kelowna,10
Kinshasa,10
Kodiak,10
La Verne,10
Ladue,10
Lake Jackson,10
Lakehills,10
Lenoir City,10
Lindenhurst,10
Lindenwold,10
Lino Lakes,10
Mamaroneck,10
Manhasset,10
Manvel,10
Maple Glen,10
Maple Valley,10
Marco Island,10
Marina,10
Mill Valley,10
Monroe Charter Township,10
Morrilton,10
Morro Bay,10
Nacogdoches,10
Nagoya,10
Nanaimo,10
North Adams,10
North Haven,10
North Potomac,10
Norton,10
Nutley,10
Oil City,10
Oneida,10
Orinda,10
Osawatomie,10
Oscoda,10
Pablo,10
Padua,10
Palma,10
Panama City Beach,10
Panipat,10
Park City,10
Park Forest Village,10
Pascagoula,10
Penn Yan,10
Philipsburg,10
Pikeville,10
Platteville,10
Plover,10
Porterdale,10
Porto,10
Rancho Mirage,10
Reed City,10
Rogersville,10
Romulus,10
Rosamond,10
Russell Springs,10
Saint Clairsville,10
Sainte-Anne-des-Monts--Tourelle,10
Sandpoint,10
Santa Catarina,10
Santa Cruz de Tenerife,10
Sault Ste. Marie,10
Southington,10
Spring House,10
Stratford,10
Streamwood,10
Terrell,10
Texas charter Township,10
Thief River Falls,10
Thonotosassa,10
Timmonsville,10
Triangle,10
Trois-Rivieres,10
Van Horn,10
Van Wert,10
Vernon Township,10
Voorhees Township,10
Wadsworth,10
Wauconda,10
Wendell,10
Westbrook,10
Whitmore Lake,10
Wilton,10
Wyandotte,10
Xenia,10
Youngsville,10
Zebulon,10
Altadena,9
Altus,9
Anantapur,9
Ann Arbor Charter Township,9
Arkansas City,9
Armenia,9
Artondale,9
Athol,9
Basehor,9
Beaver Dam,9
Bel Air,9
Blue Island,9
Brantford,9
Brattleboro,9
Brecksville,9
Bucksport,9
California City,9
Carlstadt,9
Carolina Shores,9
Central Islip,9
Chapin,9
Citrus Springs,9
Collingswood,9
Columbia Heights,9
Cripple Creek,9
Dammam,9
Dartmouth,9
Dennis,9
Dry Run,9
Dunkirk,9
Dusseldorf,9
East Syracuse,9
Elkins,9
Espanola,9
Evendale,9
Evergreen,9
Evergreen Park,9
Fair Oaks Ranch,9
Fallbrook,9
George Town,9
Gijon,9
Globe,9
Grand Marais,9
Granite City,9
Great Barrington,9
Green Valley,9
Gulf Breeze,9
Hacienda Heights,9
Harrogate,9
Hartselle,9
Hartsville,9
Hazard,9
Hedgesville,9
Herrin,9
Indian Hill,9
Jeffersontown,9
Jenks,9
John Day,9
Kabul,9
Kanab,9
Laconia,9
Lake Magdalene,9
Lake Monticello,9
Legazpi City,9
Lillington,9
Linda,9
Linton,9
Lome,9
Longwood,9
Lower Allen,9
Lynden,9
Malone,9
Manlius,9
Marblehead,9
Marine City,9
Moncton,9
Mount Hood Village,9
Nevada City,9
New Port Richey,9
Newmarket,9
Nolensville,9
North Fort Myers,9
Northbridge,9
Ocean View,9
Ojai,9
Oldsmar,9
Palisades Park,9
Park Forest,9
Perham,9
Pine Bluff,9
Plainfield charter Township,9
Playa del Carmen,9
Prentiss,9
Putnam Valley,9
Quinton,9
Rajshahi,9
Red Lion,9
Rehoboth Beach,9
Rhinebeck,9
Ridgefield Park,9
Roanoke Rapids,9
Rocky River,9
Ruckersville,9
Saint John,9
Seaford,9
Security-Widefield,9
Sedro-Woolley,9
Shafter,9
Sharjah,9
Silverton,9
Southbury,9
Springwater,9
St. Marys,9
St. Simons Island,9
Ste. Genevieve,9
Sumner,9
Sunnyside,9
Tewksbury,9
Thessaloniki,9
Tillmans Corner,9
Toppenish,9
Twentynine Palms,9
Uniontown,9
Upper Saint Clair,9
Vega Baja,9
Waldoboro,9
Waunakee,9
West Linn,9
West Norriton,9
Wharton,9
Whiteville,9
Wiesbaden,9
Willow Grove,9
Woodmoor,9
Wright,9
Zelienople,9
3261,8
96272,8
Abingdon,8
Adana,8
Algona,8
Alvarado,8
Anna,8
Antalya,8
Aspen,8
Bahawalpur,8
Baldwin,8
Barnesville,8
Barnwell,8
Bergen Municipality,8
Brenham,8
Brevard,8
Bull Run,8
Cajamarca,8
Calvillo,8
Camp Springs,8
Choctaw,8
Ciudad Acuna,8
Ciudad Nezahualcoyotl,8
Clarks Summit,8
Clewiston,8
Cologne,8
Columbine,8
Concordville,8
Converse,8
Coralville,8
Corbin,8
Corrientes,8
Da Nang,8
Darlington,8
Dawsonville,8
DeBary,8
DeFuniak Springs,8
Ellington,8
Emigrant,8
Ennis,8
Enola,8
Fair Grove,8
Fairview Heights,8
Falls Church,8
Farmingdale,8
Fleetwood,8
Fowler,8
Frankenmuth,8
Freeland,8
Gaffney,8
Gibsons,8
Gladstone,8
Grayson,8
Greenbrier,8
Groveland,8
Haarlem,8
Haifa,8
Haliburton,8
Harrodsburg,8
Herreid,8
Hiawatha,8
Hibbing,8
Hindman,8
Howard,8
Ibague,8
Itasca,8
Kailua-Kona,8
Kanpur,8
Kelso,8
Kendallville,8
Kharkiv,8
Kings Mountain,8
Knox,8
Lac-Megantic,8
Lafayette Hill,8
Larned,8
Lathrop,8
Lauderdale Lakes,8
Los Banos,8
Lost City,8
Loves Park,8
Lynnfield,8
Machias,8
Mandan,8
Mantua Township,8
Maputo,8
Marikina,8
Martha Lake,8
Marvin,8
Mendota Heights,8
Metter,8
Middleborough,8
Mount Washington,8
Mountlake Terrace,8
Mukilteo,8
Myrtle Grove,8
Natchitoches,8
New Cassel,8
New Paltz,8
New Town,8
North Decatur,8
North Vernon,8
Northglenn,8
Odesa,8
Opelousas,8
Orting,8
Osprey,8
Ouagadougou,8
Ouray,8
Owosso,8
Poltava,8
Red Oak,8
Reedley,8
Reidville,8
Rensselaer,8
Rolling Meadows,8
Roy,8
San Bruno,8
Sand Springs,8
Schlusser,8
Scottsboro,8
Sedona,8
Setauket- East Setauket,8
Sonoma,8
South Euclid,8
South Gate,8
Soyapango,8
Tamworth,8
Tangier,8
Tirupati,8
Travelers Rest,8
Van Alstyne,8
Vashon,8
Vermillion,8
Vineyards,8
Washougal,8
Weaverville,8
West Laurel,8
West Warwick,8
Wethersfield,8
Whiteriver,8
Wilmette,8
Winston,8
Yangon,8
9146,7
Americus,7
Asansol,7
Baghdad,7
Bayfield,7
Benicia,7
Benkelman,7
Beulah,7
Big Sky,7
Binan,7
Bishop,7
Bogart,7
Booneville,7
Brawley,7
Breinigsville,7
Brisbane,7
Brooklyn Center,7
Brookside,7
Calabasas,7
Camp Verde,7
Campbellsville,7
Canfield,7
Cedartown,7
Central,7
Chadds Ford,7
Channelview,7
Charlestown,7
Chetumal,7
Closter,7
Cohoes,7
Cornelia,7
Coushatta,7
Custer,7
Daejeon,7
Decorah,7
Dobson,7
Dowagiac,7
Earth City,7
East Hanover,7
East Liverpool,7
East Rochester,7
Ebensburg,7
El Cerrito,7
Fairlawn,7
Fajardo,7
Ferry Pass,7
Floyd,7
Forest City,7
Fort Kent,7
Fort Mitchell,7
Fort Oglethorpe,7
Fortuna Foothills,7
Gardnerville Ranchos,7
Goiania,7
Gold Beach,7
Grain Valley,7
Grayling,7
Greenback,7
Guayana City,7
Gulf Gate Estates,7
Gulf Shores,7
Guthrie Center,7
Haltom City,7
Harleysville,7
Highlands,7
Holden,7
Homeland,7
Homer,7
Hutto,7
Ilion,7
Juarez,7
Keystone Heights,7
La Marque,7
La Paz,7
Lady Lake,7
Lake Wales,7
Las Pinas,7
Leesville,7
Liberal,7
Liberty Hill,7
Litchfield,7
Little Chute,7
Ljubljana,7
Longboat Key,7
Longueuil,7
Louisiana,7
Luling,7
Lviv,7
Lynwood,7
Mannford,7
Maple Ridge,7
Meerut,7
Melissa,7
Meredith,7
Mexico,7
Miami Shores,7
Millersville,7
Montvale,7
Monument,7
Morton Grove,7
Mount Joy,7
Munford,7
Naaldwijk,7
Nanuet,7
Neosho,7
New Franklin,7
Nipomo,7
North Andover,7
North Chicago,7
North Ogden,7
Northborough,7
Northport,7
Oildale,7
Orange Lake,7
Orchard Park,7
Palos Park,7
Park Hill,7
Passaic,7
Patterson,7
Patzcuaro,7
Pellston,7
Penn Hills,7
Peyton,7
Pigeon Forge,7
Pimpri-Chinchwad,7
Pine Mountain,7
Potsdam,7
Preston,7
Putnam Lake,7
Quy Nhon,7
Rancho Palos Verdes,7
Rex,7
Richboro,7
Ringwood,7
Rio Grande City,7
Rockfish,7
Saint Robert,7
Salida,7
Sarajevo,7
Saraland,7
Saugus,7
Savage,7
Scituate,7
Shimla,7
Sialkot,7
Somersworth,7
South Elgin,7
Spearfish,7
Storm Lake,7
Stowe,7
Sudbury,7
Susanville,7
Telluride,7
Ternopil,7
Timberwood Park,7
Tolland,7
Tuskegee,7
Union charter Township,7
Upper Sandusky,7
Uxbridge,7
Vanceburg,7
Villanova,7
Villas,7
Vinton,7
Waimalu,7
Walsenburg,7
Waycross,7
West Mifflin,7
West Pensacola,7
West Richland,7
West Union,7
Westville,7
Whistler,7
Whitefield,7
Whitfield,7
Williamson,7
Winfield,7
Winslow,7
Wolf Trap,7
Zamboanga,7
88140,6
Abidjan,6
Adelphi,6
Aguadilla,6
Alden,6
Andrews,6
Ansbach,6
Arab,6
Arvin,6
Auberry,6
Avon Park,6
Baker City,6
Bandung,6
Barre,6
Baumholder,6
Bay Village,6
Bayshore Gardens,6
Beaver Falls,6
Bell,6
Bellaire,6
Bellwood,6
Berwick,6
Blackshear,6
Borger,6
Bourne,6
Bournemouth,6
Braintree,6
Bratislava,6
Brescia,6
Brigham City,6
Broadview Heights,6
Brockport,6
Brook Park,6
Broussard,6
Brownwood,6
Buchanan,6
Buena Ventura Lakes,6
Burgaw,6
Butner,6
Calvert City,6
Cameron,6
Cape Canaveral,6
Carpinteria,6
Cedar Lake,6
Cedar Springs,6
Cherkasy,6
Chesterbrook,6
Chicago Heights,6
Clarkston,6
Cloverly,6
Cohasset,6
Colonial Heights,6
Columbia Falls,6
Concordia,6
Cooperstown,6
Coshocton,6
Coudersport,6
Cresco,6
Crete,6
Dania Beach,6
Davidson,6
DeForest,6
Dobbs Ferry,6
Dumas,6
Dunn,6
Dunnellon,6
East Glenville,6
East Longmeadow,6
Edwards Air Force Base,6
Eindhoven,6
Ellijay,6
Ephrata Township,6
Eunice,6
Fairbury,6
Fairfax Station,6
Fenton Township,6
Fife,6
Flat Rock,6
Fort Bliss,6
Fort Knox,6
Fruitville,6
Gallipolis,6
Gardendale,6
Genesee charter Township,6
Giddings,6
Glassboro,6
Glen Ellyn,6
Goldendale,6
Grand Ledge,6
Granite Bay,6
Grants,6
Grasonville,6
Grosse Pointe Woods,6
Guntersville,6
Guyton,6
Hardin,6
Harris Hill,6
Heber Springs,6
Hesston,6
Hilliard,6
Hobart,6
Hobe Sound,6
Holland Township,6
Holliston,6
Holly Ridge,6
Hopewell Junction,6
Hopkinton,6
Hot Springs Village,6
Howrah,6
Incline Village,6
Itagui,6
Jonesborough,6
Joshua,6
Kearns,6
Kill Devil Hills,6
Kryvyi Rih,6
La Vergne,6
LaFayette,6
Labelle,6
Laguna Woods,6
Lake Geneva,6
Le Mars,6
Little Falls,6
Los Lunas,6
Louisa,6
Lowville,6
Macomb,6
Madang Suku III,6
Manizales,6
Marseille,6
Mashpee,6
Matane,6
Matteson,6
Melrose,6
Mendham Borough,6
Middlebury,6
Millington,6
Mineral Wells,6
Monterey Park,6
Moundridge,6
Mykolaiv,6
Nashik,6
Natchez,6
New Richmond,6
North Lauderdale,6
Nyack,6
Oak Forest,6
Oakley,6
Olivet,6
Olongapo,6
Orange Beach,6
Oshawa,6
Palos Heights,6
Pantoja,6
Parsons,6
Peotone,6
Pequannock Township,6
Perdido Key,6
Peterborough,6
Pine Bush,6
Pinole,6
Pioche,6
Pittston,6
Plum,6
Poolesville,6
Port Deposit,6
Prestonsburg,6
Prince George,6
Progress,6
Prosser,6
Puerto Plata,6
Quetzaltenango,6
Ranchi,6
Raynham,6
Redwood Falls,6
Rio Vista,6
Riverbank,6
Rockdale,6
Rocky Hill,6
Rocky Point,6
Rosarito,6
Rye,6
Rzeszow,6
Safford,6
Salamanca,6
San Nicolas de los Garza,6
Santa Fe Springs,6
Santiago del Estero,6
Seal Beach,6
Sherbrooke,6
Sneads Ferry,6
Soledad,6
South Boston,6
South Lebanon,6
St. Joseph,6
Stephens City,6
Stonington,6
Stony Point,6
Suez,6
Sun Lakes,6
Sutherlin,6
Tazewell,6
Temple City,6
Thane,6
Thunder Bay,6
Tinicum Township,6
Trexlertown,6
Tupper Lake,6
Umatilla,6
Valladolid,6
Vega Alta,6
Virginia,6
Voorheesville,6
Wahoo,6
Warrensville Heights,6
Wasilla,6
Weddington,6
West Jefferson,6
West Liberty,6
West Little River,6
West Monroe,6
Willard,6
Willits,6
Wimauma,6
Window Rock,6
Wynnewood,6
Yucca Valley,6
Zeeland,6
56850,5
70882,5
Alajuela,5
Aligarh,5
Alpine,5
Alta Sierra,5
Anaconda,5
Antananarivo,5
Aston,5
Atlantic,5
Barnhart,5
Barueri,5
Bath Township,5
Belchertown,5
Bethalto,5
Beverly Hills,5
Big Lake,5
Bloomfield Hills,5
Blythe,5
Boulder City,5
Brant,5
Brookneal,5
Buckhannon,5
Burnet,5
Cabo Rojo,5
Candler-McAfee,5
Caribou,5
Carrboro,5
Caruthersville,5
Cassville,5
Chamberlain,5
Chevy Chase,5
Chiyoda City,5
Chouteau,5
Citrus Park,5
Clay Center,5
Clover,5
Cobleskill,5
Colquitt,5
Connell,5
Cooper City,5
Coquille,5
Cornwall,5
Corsicana,5
Country Club,5
Crawley,5
Cut Bank,5
Delavan,5
Delta Junction,5
Destrehan,5
Donnellson,5
Dumont,5
East Ellijay,5
East Greenwich,5
East Islip,5
Eastlake,5
Eatonville,5
Edwards,5
Elk Plain,5
Ellenton,5
Ellettsville,5
Ellsworth,5
Farmville,5
Flemingsburg,5
Florianopolis,5
Floyds Knobs,5
Fort Mohave,5
Fort Valley,5
Fortaleza,5
Fredericktown,5
Gimli,5
Gloucester City,5
Gouverneur,5
Gravette,5
Grayslake,5
Green Oaks,5
Guayama,5
Halfway,5
Halton Hills,5
Hamptons at Boca Raton,5
Heber City,5
Herington,5
Hermon,5
High Springs,5
Hilton,5
Holladay,5
Hollis,5
Humacao,5
Ibadan,5
Incheon,5
Ingram,5
Interlochen,5
International Falls,5
Ipswich,5
Jersey Village,5
Karaj,5
Kaunas,5
Killingly,5
Killington,5
Kropyvnytskyi,5
Kula,5
La Mesa,5
Lacey Township,5
Laguna Beach,5
Lake Meade,5
Lake Saint Louis,5
Lame Deer,5
Ledyard,5
Leipzig,5
Liberty Lake,5
Little Egg Harbor Township,5
Lochearn,5
Lockhart,5
Lucca,5
Ludlow,5
Makawao,5
Manama,5
Manistee,5
Manteno,5
Marine Corps Base Hawaii,5
Mayodan,5
McCamey,5
Mead,5
Medley,5
Merrick,5
Michigan Center,5
Middlefield,5
Millstadt,5
Minnetrista,5
Moncks Corner,5
Montgomery City,5
Montgomery Village,5
Moorefield,5
Moss Point,5
Munising,5
Mustang,5
Nantes,5
Nellysford,5
New Kensington,5
New River,5
North Branford,5
North Providence,5
North Wilkesboro,5
Northumberland,5
Nuremberg,5
Oberlin,5
Obi,5
Old Westbury,5
Orcutt,5
Owingsville,5
Palm River-Clair Mel,5
Pearl River,5
Pennington Gap,5
Peru,5
Phelan,5
Phillips,5
Polson,5
Ponca City,5
Port Clinton,5
Port Jefferson Station,5
Prichard,5
Redwood Valley,5
Renovo,5
Resistencia,5
Rifle,5
Rio Rico,5
River Falls,5
Rockwood,5
Saint James,5
Saint-Cesaire,5
Salado,5
San Andreas,5
Sauk Rapids,5
Sayville,5
Scappoose,5
Scotchtown,5
Shanghai,5
Shiraz,5
Smithville,5
Soddy-Daisy,5
Solna,5
South Charleston,5
Southchase,5
Spooner,5
Spring Grove,5
Springtown,5
St. Augustine Beach,5
Sulaymaniyah,5
Sullivan,5
Summersville,5
Sylhet,5
Taft,5
Taholah,5
Taylorville,5
Tell City,5
Tipton,5
Tlaquepaque,5
Townsend,5
Township of Taylorsville,5
Trumann,5
Tucumcari,5
Tunkhannock,5
Tyrone,5
Vienna Township,5
Wailuku,5
Waite Park,5
Waupaca,5
Wekiwa Springs,5
Westampton,5
Wetumpka,5
Wickenburg,5
Wiggins,5
Wilkinsburg,5
Wingate,5
Winsted,5
Woodbourne,5
Woodward,5
Worland,5
Wrens,5
Wyckoff,5
Yazoo City,5
Yorktown Heights,5
66989,4
72660,4
Aberdeen Township,4
Actopan,4
Adel,4
Alamosa,4
Aliquippa,4
Anthony,4
Arden Hills,4
Azle,4
Baker,4
Bar Harbor,4
Bay Springs,4
Bear Creek,4
Bello,4
Belvidere,4
Belzoni,4
Blanchard,4
Bloomer,4
Bogalusa,4
Bordeaux,4
Brady,4
Braga,4
Brewster,4
Broken Bow,4
Brown Deer,4
Bunkie,4
Bursa,4
Buxton,4
Cadiz,4
Caledonia,4
Cambria,4
Canastota,4
Cham,4
Chelan,4
Chesaning,4
Cheval,4
Chilton,4
Chowchilla,4
Clanton,4
Clare,4
Cle Elum,4
Clintwood,4
Clive,4
Collegeville,4
Collins,4
Columbiana,4
Colville,4
Conneaut Lakeshore,4
Coquitlam,4
Cordele,4
Coto de Caza,4
Country Club Hills,4
Countryside,4
Courtenay,4
Crandall,4
Crestline,4
Cuautla,4
Cusco,4
Cutchogue,4
D'Iberville,4
DeWitt,4
Demopolis,4
Dixon,4
Dock Junction,4
Dumaguete,4
Durand,4
Dyersburg,4
Eagle,4
East Aurora,4
East Highland Park,4
East Moline,4
East Renton Highlands,4
Elfers,4
Ellwood City,4
Elmwood Park,4
Ephraim,4
Eufaula,4
Excelsior Springs,4
Falling Waters,4
Firestone,4
Flossmoor,4
Forest Acres,4
Forks,4
Fort Hall,4
Fort Hunt,4
Fort Payne,4
Fredericton,4
Freetown,4
French Lick,4
Frostproof,4
Gainesboro,4
Galena,4
Gatlinburg,4
Gautier,4
Glenmont,4
Goddard,4
Gonzalez,4
Goodlettsville,4
Granby,4
Greenbank,4
Greendale,4
Grosse Pointe Park,4
Gun Barrel City,4
Guntur,4
Gypsum,4
Half Moon Bay,4
Hampshire,4
Hanover Park,4
Harrah,4
Harriman,4
Hart,4
Harwich,4
Hazen,4
Helendale,4
Hennessey,4
Hercules,4
Hereford,4
Hermann,4
Hermantown,4
Highland Springs,4
Holiday,4
Holly,4
Holly Hill,4
Hope,4
Hudson Falls,4
Hugo,4
Hyden,4
Iowa Falls,4
Irwindale,4
Itajai,4
Jhang,4
Kalama,4
Kamas,4
Kapaa,4
Keyser,4
Khulna,4
Kingston upon Hull,4
Kingsville,4
Kotzebue,4
Kualuh Hilir,4
Kulpsville,4
Kurukshetra,4
La Canada Flintridge,4
La Crescent,4
La Vernia,4
LaCrosse,4
Lake Carmel,4
Lake Park,4
Lake Station,4
Lambertville,4
Lausanne,4
Leacock-Leola-Bareville,4
Leitchfield,4
Lenora,4
Lindon,4
Little Ferry,4
Lost Hills,4
Loudon,4
Louisburg,4
Lovingston,4
Ludowici,4
Lutsk,4
M'diq,4
Macclenny,4
Manchaca,4
Manquin,4
Maple City,4
Mapleton,4
Mar del Plata,4
Mariposa,4
Mayville,4
McConnelsville,4
McMurray,4
Meadowlands,4
Medway,4
Mercer Island,4
Middle Township,4
Millbury,4
Millville,4
Mogadishu,4
Mohegan Lake,4
Monmouth,4
Montijo,4
Mound,4
Mount Gilead,4
Mount Sterling,4
Nagla,4
Nantucket,4
Napili-Honokowai,4
Nappanee,4
Naval Air Station Point Mugu,4
Nederland,4
Nellore,4
North Pole,4
North Salt Lake,4
North Smithfield,4
Nottingham,4
Ogdensburg,4
Okanogan,4
Okhtyrka,4
Old Jefferson,4
Oxon Hill,4
Pacific,4
Pacifica,4
Park River,4
Patchogue,4
Pecatonica,4
Peculiar,4
Pentwater,4
Perryton,4
Philomath,4
Phnom Penh,4
Pickerington,4
Pine Island,4
Pinecrest,4
Pinedale,4
Pittsboro,4
Plovdiv,4
Plummer,4
Point Arena,4
Ponchatoula,4
Poplar,4
Port Allen,4
Port Hueneme,4
Port Jervis,4
Port Saint John,4
Princeville,4
Prospect,4
Pueblo West,4
Puerto Penasco,4
Quarryville,4
Rabat,4
Raipur,4
Rancagua,4
Rangeley,4
Rantoul,4
Raymond,4
Raytown,4
Ribeirao Preto,4
Riverdale Park,4
Roaring Spring,4
Rumford,4
Saddle Brook,4
Salou,4
San Marino,4
Sandersville,4
Santo Andre,4
Sao Bernardo do Campo,4
Sausalito,4
Seven Hills,4
Seven Oaks,4
Shell Knob,4
Shenzhen,4
Sherwood Park,4
Skiatook,4
Snohomish,4
Soperton,4
South Bradenton,4
South Padre Island,4
South Saint Paul,4
Spanish Fort,4
Spanish Lake,4
St. Albert,4
St. John's,4
Stansbury Park,4
Strasburg,4
Stratham,4
Streator,4
Surf City,4
Swansea,4
Tahoe City,4
Tamalpais-Homestead Valley,4
Tecumseh,4
Temuco,4
Terrytown,4
Thompson Falls,4
Thomson,4
Thorntown,4
Thurmont,4
Tiverton,4
Troutdale,4
Tuguegarao City,4
Twin Lakes,4
Upper Deerfield Township,4
Uruapan,4
Uvalde,4
Valley Center,4
Valley Cottage,4
Vandergrift,4
Verona,4
Vientiane,4
Wadesboro,4
Wall,4
Walton,4
Walworth,4
Wamego,4
Wanaque,4
Warrenville,4
Wartburg,4
Waterbury Village Historic District,4
Waterflow,4
Watseka,4
Welcome,4
West Caldwell,4
West Fork,4
West Salem,4
Wilkesboro,4
Windber,4
Winnetka,4
Wisconsin Dells,4
Wood Dale,4
Woods Cross,4
Yadkinville,4
Yoakum,4
Yokohama,4
09160,3
12703,3
3764,3
45188,3
8873,3
9073,3
Acapulco,3
Aitkin,3
Aix-en-Provence,3
American Canyon,3
Amory,3
Anamosa,3
Archdale,3
Armorel,3
Asbury Park,3
Ash Flat,3
Bad Homburg,3
Balikesir,3
Bartonville,3
Battle Ground,3
Bee Cave,3
Bellmore,3
Bennsville,3
Bettendorf,3
Bicester,3
Big Bear Lake,3
Binangonan,3
Blackwell,3
Blakely,3
Blauvelt,3
Bloomingdale,3
Boring,3
Boulder Creek,3
Bourbonnais,3
Bow,3
Branchburg,3
Bridge City,3
Brookland,3
Brossard,3
Bruchmuhlbach-Miesau,3
Bryans Road,3
Bucyrus,3
Buenavista,3
Bunker Hill,3
Burton,3
Byron Center,3
Cadillac,3
Camilla,3
Cape Elizabeth,3
Catskill,3
Centre,3
Chalfont,3
Charlton,3
Chattahoochee,3
Chetopa,3
Christmas Valley,3
Church Hill,3
Clarkesville,3
Clear Lake,3
Cluj-Napoca,3
Coacalco,3
Colby,3
Colfax,3
Colima,3
Colwood,3
Comstock Park,3
Connersville,3
Conover,3
Contagem,3
Cottage Lake,3
Crab Orchard,3
Crockett,3
Cross Lanes,3
Crozet,3
De Soto,3
DeRidder,3
Deer Lodge,3
Del City,3
Delran,3
Denison,3
Denville,3
Devils Lake,3
Doncaster,3
Donna,3
Dorado,3
Dresden,3
Drumright,3
Dunmore,3
Eagle Creek,3
Eagle Point,3
East Lyme,3
East Riverdale,3
Eastpoint,3
Eastvale,3
Eddyville,3
Eighty Four,3
El Reno,3
El Salto,3
Elbow Lake,3
Elk City,3
Ellenville,3
Enumclaw,3
Finneytown,3
Floral Park,3
Florham Park,3
Floridablanca,3
Flowery Branch,3
Fort Gratiot Township,3
Fort Washakie,3
Fortuna,3
Fostoria,3
Fowlerville,3
Fox Point,3
Franklin Lakes,3
Frederic,3
Fresnillo,3
Frostburg,3
Fryeburg,3
Gallarate,3
Garberville,3
Garretson,3
Gastonville,3
Gaziantep,3
General Escobedo,3
Gibson City,3
Gilbertsville,3
Glen Carbon,3
Glenn Dale,3
Glens Falls,3
Glenvar Heights,3
Godley,3
Goffstown,3
Gordon,3
Goyang-si,3
Granada,3
Grandview,3
Granite Falls,3
Graniteville,3
Granville,3
Gray Court,3
Hampden,3
Harbour Heights,3
Hastings-on-Hudson,3
Hawley,3
Hazel Green,3
Heathsville,3
Helena-West Helena,3
Henrietta,3
Hertford,3
Higginsville,3
Holmdel,3
Houlton,3
House Springs,3
Humboldt,3
Huron Charter Township,3
Idabel,3
Idaho Springs,3
Iona,3
Isfahan,3
Ixtapaluca,3
Jalandhar,3
Jerome,3
Johns Island,3
Johnson Lane,3
Jonesville,3
Jundiai,3
Karaganda,3
Katowice,3
Kenton,3
Keosauqua,3
King City,3
Kingfield,3
Kinnelon,3
Konya,3
Kragujevac,3
La Junta,3
Ladson,3
Lake Arrowhead,3
Lake Delton,3
Lake Isabella,3
Lake Shore,3
Lander,3
Lead,3
Lemoore,3
Lena,3
Lerma de Villada,3
Lineville,3
Longmeadow,3
Los Teques,3
Loughman,3
Lowell charter Township,3
Madoc,3
Mahtomedi,3
Maltby,3
Manassas Park,3
Mangaluru,3
Manta,3
Manteo,3
Maple Heights,3
Marathon,3
Marbella,3
Marrakesh,3
Marshville,3
McConnell Air Force Base,3
McCook,3
McCormick,3
McKeesport,3
Medan,3
Medicine Lodge,3
Millbrook,3
Millstone,3
Milton Keynes,3
Minerva,3
Modena,3
Modi'in-Maccabim-Re'ut,3
Mohave Valley,3
Mojave,3
Molalla,3
Monessen,3
Montemorelos,3
Moorhead,3
Mora,3
Morrisonville,3
Mounds View,3
Moyock,3
Myrtle Creek,3
N'Djamena,3
Natal,3
Nazareth,3
Neath,3
Nelle,3
Nether Providence Township,3
Neuquen,3
Nevada,3
New Canaan,3
New Cumberland,3
New Martinsville,3
New Salem,3
Newberry,3
North Aurora,3
North East,3
North Greece,3
North Vancouver,3
Northgate,3
Oakbrook Terrace,3
Ocean Shores,3
Olivehurst,3
Oregon,3
Osasco,3
Ossipee,3
Owensville,3
Paine Field-Lake Stickney,3
Palermo,3
Palestine,3
Palmetto Bay,3
Paradise,3
Patrick Space Force Base,3
Paulding,3
Perkins,3
Pima,3
Pine River,3
Pipe Creek,3
Port Salerno,3
Portmore,3
Posadas,3
Poteet,3
Pottsboro,3
Prairie Grove,3
Puerto Montt,3
Punxsutawney,3
Rajpura,3
Ramstein-Miesenbach,3
Raton,3
Red Lake,3
Rishon LeTsiyon,3
Rising Sun,3
Robbinsdale,3
Roberts Creek,3
Rock Falls,3
Roosevelt,3
Roseau,3
Sacaton,3
Sagle,3
Saint Clair,3
Saint Johnsbury,3
Saint-Etienne-du-Rouvray,3
Samara,3
Samoset,3
San Pablo,3
Sanger,3
Sao Jose dos Campos,3
Sautee Nacoochee,3
Saxapahaw,3
Scotch Plains,3
Scottsville,3
Scurry,3
Sellersville,3
Semmes,3
Shasta Lake,3
Shawano,3
Shorewood,3
Sibiu,3
Slatington,3
Smiths Station,3
Snyder,3
Snyderville,3
Soacha,3
South Beloit,3
South Miami,3
South Park Township,3
South Pasadena,3
South Weber,3
South Whittier,3
Spackenkill,3
Spindale,3
St. Helens,3
Stanford,3
Staples,3
Stavanger Municipality,3
Stavropol,3
Stayton,3
Stevenson,3
Sturbridge,3
Sugar Grove,3
Sugarcreek,3
Sun Valley,3
Sunderland,3
Sussex,3
Sutter,3
Sutton,3
Suttons Bay,3
Swainsboro,3
Tabriz,3
Tacna,3
Tavares,3
Teays Valley,3
Templeton,3
Teutopolis,3
Thorndale,3
Three Oaks,3
Tipp City,3
Tonica,3
Trieste,3
Trondheim Municipality,3
Tunja,3
Tuscumbia,3
Valledupar,3
Valley Park,3
Vaudreuil-Dorion,3
Vestal,3
Vidor,3
Village of Oak Creek,3
Virar,3
Waimea,3
Walsall,3
Waseca,3
Waterford,3
Wautoma,3
Wayland,3
Weirton,3
West Hurley,3
Westlake Village,3
Weybridge,3
Willcox,3
Willow Oak,3
Woodruff,3
Woodstown,3
Zaporizhzhia,3
11500,2
17168,2
2036,2
29478,2
3346,2
51520,2
54560,2
5515,2
61453,2
64213,2
9174,2
Aarhus,2
Acushnet,2
Akcaabat,2
Alhaurin de la Torre,2
Alicante,2
Allendale,2
Altamont,2
Amesbury,2
Amiens,2
Anadarko,2
Anahuac,2
Anniston,2
Ansonia,2
Antigo,2
Archbald,2
Argyle,2
Ashdown,2
Aspen Park,2
Asse,2
Atibaia,2
Avondale Estates,2
Ayer,2
Aylesbury,2
Aztec,2
Backa Topola,2
Bad Hersfeld,2
Ballerup,2
Ballston,2
Bamako,2
Banda Aceh,2
Bandar Seri Begawan,2
Barre Town,2
Barrie,2
Baruipur,2
Batesburg-Leesville,2
Baxley,2
Baywood-Los Osos,2
Beijing,2
Bellefontaine,2
Belpre,2
Berthoud,2
Bessemer City,2
Bigfork,2
Birch Run,2
Birkenhead,2
Bishopville,2
Boonton Township,2
Bordentown,2
Boulogne-Billancourt,2
Bradley,2
Brasov,2
Brasstown,2
Bridgeview,2
Brno,2
Brooklet,2
Bruck an der Leitha,2
Buchs,2
Buckley,2
Burgos,2
Burkburnett,2
Busan,2
Byesville,2
Cabo San Lucas,2
Caddo Mills,2
Calama,2
Calera,2
Camaragibe,2
Camp Lake,2
Campbell River,2
Canaan,2
Carmel Valley,2
Carriere,2
Carver,2
Casco,2
Caxias do Sul,2
Cedarburg,2
Cedaredge,2
Ceske Budejovice,2
Chaguanas Borough Corporation,2
Chanute,2
Chapmansboro,2
Charcas,2
Chariton,2
Chatsworth,2
Cherokee Village,2
Cherryville,2
Chestnut Ridge,2
Chewelah,2
Chilliwack,2
Chilpancingo,2
Chinle,2
Cholet,2
Christchurch,2
Churchville,2
Cinco Ranch,2
Cinnaminson,2
Ciudad del Carmen,2
Coleraine,2
Colleyville,2
Colombia,2
Comanche,2
Conrad,2
Copacabana,2
Corinth,2
Corrales,2
Corte Madera,2
Corunna,2
Coslada,2
Coxsackie,2
Cozad,2
Cranbury,2
Crandon,2
Cresskill,2
Crisfield,2
Cuiaba,2
Curridabat,2
Dallas Center,2
Dana Point,2
Darnestown,2
Dell Rapids,2
Delphos,2
Dingxi,2
Dodge Center,2
Dodgeville,2
Don Torcuato,2
Doniphan,2
Dudley,2
Dunlap,2
Dwight,2
Dyer,2
Dyersville,2
Dysart,2
East Amherst,2
East Bridgewater,2
East Hampton,2
East Haven,2
East Palestine,2
East Stroudsburg,2
East York,2
Eastampton Township,2
Eastchester,2
Eaton,2
Edinboro,2
El Dorado Springs,2
El Mirage,2
Elburn,2
Elkins Park,2
Elmendorf,2
Eluru,2
Emmett charter Township,2
Emmitsburg,2
Entroncamento,2
Eolia,2
Epping,2
Espoo,2
Estacada,2
Estherville,2
Evart,2
Fairfield Bay,2
Fatehpur,2
Flagler Beach,2
Florida City,2
Forest,2
Forest Lake,2
Forestdale,2
Fort Lupton,2
Fort Moore,2
Fort Stewart,2
Fort Sumner,2
Fountain Inn,2
Fox Lake,2
Franklinton,2
Fraser,2
Fruitport Charter Township,2
Gaborone,2
Galax,2
Gasburg,2
Gateshead,2
Gerlingen,2
Ghent,2
Gibsonburg,2
Glenshaw,2
Glouster,2
Gothenburg,2
Grand Bay,2
Grandville,2
Greater Northdale,2
Green Township,2
Greenbush,2
Grenada,2
Guanajuato,2
Guarulhos,2
Gudivada,2
Halethorpe,2
Haleyville,2
Hanamkonda,2
Happy Camp,2
Harbor Springs,2
Hardwick,2
Hardwick Township,2
Hargeisa,2
Harper Woods,2
Hartford City,2
Harvest,2
Haverstraw,2
Havre de Grace,2
Hawthorn Woods,2
Haywards Heath,2
Hazlehurst,2
Healdsburg,2
Heathrow,2
Hemphill,2
High Ridge,2
Highland Charter Township,2
Highland Heights,2
Highmore,2
Higuey,2
Hill Air Force Base,2
Hinton,2
Holley,2
Holts Summit,2
Hope Hull,2
Horseheads,2
Hoschton,2
Huaraz,2
Hubbard,2
Hueytown,2
Humble,2
Huntington Park,2
Hurlburt Field,2
Ibiza,2
Imperial Beach,2
Indianola,2
Industry,2
Innsbruck,2
Isabela,2
Ivano-Frankivsk,2
Jaffrey,2
Jamnagar,2
Jarrettsville,2
Jashore,2
Jennings,2
Jodhpur,2
John C. Stennis Space Center,2
Johnsonville,2
Kalida,2
Kalkaska,2
Kamloops,2
Karnes City,2
Kaufman,2
Kenilworth,2
Kennebunk,2
Kent City,2
Kewaunee,2
Kharagpur,2
Kimberling City,2
Kinder,2
Kirchheimbolanden,2
Kladno,2
Knik-Fairview,2
Kozhikode,2
Kristianstad,2
La Chorrera,2
Lackawanna,2
Lagrangeville,2
Lake Helen,2
Lake Lorraine,2
Lakemore,2
Lansford,2
Las Palmas de Gran Canaria,2
Latrobe,2
Leetonia,2
Leicester,2
Lincolnshire,2
Lincolnville,2
Lindale,2
Lucerne,2
Lund,2
Lunenburg,2
Lusby,2
Luxemburg,2
Lykens,2
Lyman,2
Lyme,2
Maceio,2
Magna,2
Maiden,2
Makakilo,2
Malmo,2
Manaus,2
Mandalay,2
Mangilao,2
Marengo,2
Marianna,2
Marlette,2
Mars,2
Marsberg,2
Mart,2
Matehuala,2
Mattawa,2
Maturin,2
Mauston,2
Maynardville,2
Mazomanie,2
McCall,2
McKenzie,2
Mechernich,2
Medfield,2
Melbourne Beach,2
Menominee,2
Mentone,2
Mercer,2
Metamora,2
Middleville,2
Minoa,2
Minsk,2
Mission Bend,2
Miyazaki,2
Mobridge,2
Monclova,2
Monsey,2
Mont Belvieu,2
Moose Jaw,2
Moundsville,2
Mount Clemens,2
Mountain City,2
Muhlhausen,2
Mullins,2
Munfordville,2
Myers Corner,2
Nahunta,2
Nakhon Ratchasima,2
Nanakuli,2
Naron,2
Natrona Heights,2
Nephi,2
Newaygo,2
Newcastle,2
Nitro,2
Nizhny Novgorod,2
Norco,2
Norderstedt,2
Normandy,2
North Bend,2
North Dumdum,2
North Hanover,2
North Reading,2
North Syracuse,2
North Tustin,2
North Versailles,2
Northwood,2
Norwell,2
Novara,2
Ocracoke,2
Old Town,2
Olive Hill,2
Opa-locka,2
Oran,2
Orangetree,2
Oranjestad,2
Ordu,2
Orrville,2
Othello,2
Padang,2
Paddock Lake,2
Palmas,2
Palos Hills,2
Pamplona,2
Paramount,2
Parkesburg,2
Parlier,2
Parral,2
Pasto,2
Patras,2
Pearisburg,2
Pelion,2
Pepper Pike,2
Pepperell,2
Petaling Jaya,2
Petawawa,2
Phillipsburg,2
Pilar Centro,2
Pine Grove,2
Pisa,2
Pitalito,2
Plains,2
Platte City,2
Plattsmouth,2
Ploiesti,2
Plumsteadville,2
Pocomoke City,2
Point Pleasant,2
Pointe-Claire,2
Pointe-Noire,2
Pontevedra,2
Poplar Grove,2
Port Coquitlam,2
Port Jefferson,2
Port Ludlow,2
Price,2
Princess Anne,2
Quitman,2
Rainsville,2
Rangely,2
Rathdrum,2
Raymondville,2
Red Feather Lakes,2
Red Oaks Mill,2
Reedsport,2
Reserve,2
Reykjavik,2
Rice,2
Richland Center,2
Ridgway,2
Rindge,2
Rio Grande,2
River Ridge,2
Road Town,2
Robertsdale,2
Rockmart,2
Rockwell,2
Rodermark,2
Roeselare,2
Roldan,2
Rose Hill,2
Rothschild,2
Runnemede,2
Saint Ann,2
Saint Paul Parish,2
Saint Polten,2
San Anselmo,2
San Felipe,2
San Isidro de El General,2
San Jose del Cabo,2
San Martin de la Vega,2
San Miguel,2
San Miguel de Allende,2
Santa Paula,2
Sao Jose dos Pinhais,2
Sarnia,2
Sartrouville,2
Sauk Centre,2
Sauk City,2
Seagoville,2
Selden,2
Serrekunda,2
Shibuya City,2
Shingle Springs,2
Sibley,2
Siesta Key,2
Siloam Springs,2
Simanovci,2
Skippack,2
Sleepy Eye,2
Smithton,2
Social Circle,2
Solana Beach,2
Solvang,2
Somerton,2
Sorocaba,2
South Barrington,2
South El Monte,2
South Farmingdale,2
South Hadley,2
South Haven,2
South Russell,2
South Valley,2
Southgate,2
Springhill,2
Spry,2
St Helens,2
Stanley,2
Steele,2
Steelville,2
Stockton-on-Tees,2
Stone Mountain,2
Story City,2
Stroud,2
Sun City Center,2
Sunland Park,2
Sunset,2
Surfside Beach,2
Susquehanna Trails,2
Tacloban City,2
Tadepalligudem,2
Tallmadge,2
Tama,2
Tamazunchale,2
Tampere,2
Tamuning,2
Tega Cay,2
Tesistan,2
Thibodaux,2
Thomas Township,2
Timisoara,2
Tobaccoville,2
Toccoa,2
Tolono,2
Tonala,2
Torrevieja,2
Towanda,2
Treviglio,2
Trinidad,2
Tripoli,2
Trussville,2
Tuba City,2
Tulcea,2
Tunbridge,2
Tuscola,2
Tuttle,2
Tuzla,2
Ullensaker Municipality,2
Unity,2
Upper Freehold,2
Utrecht,2
Vaddeswaram,2
Valdemoro,2
Valle de Chalco,2
Vanadzor,2
Vasai-Virar,2
Vevay,2
Vila Nova de Gaia,2
Vila Velha,2
Villa de Alvarez,2
Vilonia,2
Vitoria,2
Waddell,2
Wahpeton,2
Waihirere,2
Wajo Regency,2
Walkersville,2
Walters,2
Warrior,2
Watervliet,2
Waukon,2
Webberville,2
Welch,2
Wellsboro,2
Wellton,2
Wembley,2
West Milford,2
Weyers Cave,2
Whitby,2
Whitley City,2
Widnes,2
Willow Springs,2
Willow Street,2
Wilmington Island,2
Wilmington Manor,2
Windsor Locks,2
Winnemucca,2
Woking,2
Wood River,2
Woodburn,2
Wrangell,2
Wrexham,2
Wrightwood,2
Yale,2
Yauco,2
Yautepec de Zaragoza,2
Yellville,2
Zacatecas,2
Zamora,2
Zephyrhills West,2
Zhongli District,2
Zhukovskiy,2
Zumbrota,2
10430,1
12903,1
13904,1
15339,1
17590,1
18445,1
28913,1
34818,1
3746,1
38880,1
3921,1
41163,1
4774,1
52360,1
54394,1
56259,1
60220,1
62118,1
65076,1
67670,1
73111,1
75428,1
75801,1
76914,1
79390,1
85304,1
89320,1
8954,1
9024,1
92221,1
9411,1
96412,1
9798,1
Abbottabad,1
Acharnes,1
Acqui Terme,1
Adairsville,1
Adelanto,1
Adilabad,1
Adoor,1
Afton,1
Agadir,1
Agde,1
Ajman,1
Al Rayyan Municipality,1
Albacete,1
Alburgh,1
Alcamo,1
Alcobendas,1
Aledo,1
Almada,1
Almondsbury,1
Almont,1
Alturas,1
Alva,1
Alzira,1
Ambala Cantt,1
Amberg,1
Ambridge,1
American Falls,1
Amherstburg,1
Andover Township,1
Angier,1
Angleton,1
Angouleme,1
Angwin,1
Annecy,1
Antibes,1
Antrim,1
Apatzingan,1
Apizaco,1
Aptos,1
Arima Borough Corporation,1
Ark,1
Armonk,1
Arnhem,1
Ashburnham,1
Ashford,1
Asotin,1
Astrakhan,1
Atlantic Beach,1
Atlixco,1
Au Gres,1
Aubagne,1
Auvers-sur-Oise,1
Avenal,1
Avocado Heights,1
Azuqueca de Henares,1
Bac Ninh,1
Badalona,1
Bagnes,1
Baileyville,1
Balashikha,1
Bald Knob,1
Ball Ground,1
Ballinger,1
Ballston Lake,1
Banda Raya,1
Bandar Lampung,1
Bandel,1
Banff,1
Barberton,1
Bari,1
Barton City,1
Basel,1
Battle Lake,1
Bayou Cane,1
Bayville,1
Be'er Ya'akov,1
Beauty,1
Beecher,1
Beeville,1
Bel Aire,1
Belcourt,1
Belhaven,1
Bellmawr,1
Belluno,1
Belmar,1
Bergerac,1
Berne,1
Bethany,1
Biak Numfor Regency,1
Bialystok,1
Big Beaver,1
Birchwood,1
Bisbee,1
Blackduck,1
Blackfoot,1
Blackhawk,1
Bladenboro,1
Blanc-Sablon,1
Blanchester,1
Blandford,1
Blissfield,1
Boaz,1
Boiling Spring Lakes,1
Bojongloa Kidul,1
Bonners Ferry,1
Bonsall,1
Borrego Springs,1
Bowdoinham,1
Boxford,1
Brandon Township,1
Brashear,1
Breaux Bridge,1
Breda,1
Breezy Point,1
Brentford,1
Bresson,1
Brest,1
Bridgeville,1
Brigantine,1
Broadview,1
Broadway,1
Brooksville,1
Brownfield,1
Brusque,1
Bruyadori,1
Bujumbura,1
Bulach,1
Bullard,1
Bunkyo City,1
Burns Lake,1
Burrillville,1
Buryn',1
Bydgoszcz,1
Cabool,1
Cachoeiro de Itapemirim,1
Calabash,1
Calhoun City,1
Calimesa,1
Calverton,1
Camino,1
Campton,1
Canada de Gomez,1
Canal Fulton,1
Cannes,1
Canutillo,1
Canyon,1
Capanema,1
Cardington,1
Carini,1
Carl Junction,1
Carlinville,1
Carmi,1
Carpentras,1
Carrizo Springs,1
Cartago,1
Caruthers,1
Catamarca,1
Cave Creek,1
Cecil-Bishop,1
Celebration,1
Center Moriches,1
Central City,1
Centurion,1
Cerro Colorado,1
Changodar,1
Changwon-si,1
Chapeco,1
Chapmanville,1
Charleville-Mezieres,1
Charlotte Hall,1
Charlottetown,1
Checotah,1
Chemnitz,1
Chesapeake Beach,1
Chetek,1
Childersburg,1
Chinnor,1
Chinsurah,1
Chittenango,1
Chorzow,1
Chur,1
City of Orange,1
Ciudad Ojeda,1
Clarkdale,1
Clatskanie,1
Coamo,1
Coban,1
Coldspring,1
Colebrook,1
College Place,1
Cologno Monzese,1
Colombes,1
Colonial Beach,1
Como,1
Congers,1
Constantia,1
Corolla,1
Corry,1
Corryton,1
Cotabato City,1
Cotati,1
Coulommiers,1
Covert,1
Coweta,1
Craigsville,1
Crest Hill,1
Crivitz,1
Cromwell,1
Cross City,1
Crowley,1
Cuero,1
Cumana,1
Cuthbert,1
Czestochowa,1
Dadeville,1
Dale,1
Dandridge,1
Dawson Springs,1
De Kalb,1
De Queen,1
Dededo,1
Del Valle,1
Denizli,1
Deolali,1
Deputy,1
Des Peres,1
Devens,1
Devine,1
Dike,1
Diller,1
Discovery Bay,1
Dollar Bay,1
Donetsk,1
Donora,1
Dortmund,1
Dorval,1
Douai,1
Dover Plains,1
Dracut,1
DuBois,1
Dubendorf,1
Due West,1
Dulce,1
Dumoga Barat,1
Dushanbe,1
Duson,1
Duvall,1
East Amwell Township,1
East Grand Forks,1
East Lake,1
East Prairie,1
East St. Louis,1
Eastsound,1
Edenton,1
Edgerton,1
Eglin Air Force Base,1
Eichenzell,1
Eilenburg,1
El Campo,1
El Obour City,1
El Pueblito,1
El Puerto de Santa Maria,1
El Qanater El Khayreya,1
El Santuario,1
El Sobrante,1
Eldon,1
Elista,1
Elk Rapids,1
Ellenwood,1
Elverson,1
Elwood,1
Emiliano Zapata,1
Escalon,1
Eskisehir,1
Esparto,1
Ethan,1
Eureka Springs,1
Ezeiza,1
Fairplay,1
Fallston,1
Fano,1
Faqous,1
Faridabad,1
Farmer City,1
Fayence,1
Fes,1
Fishertown,1
Fletcher,1
Florencio Varela,1
Florin,1
Foggia,1
Folkston,1
Forest Ranch,1
Foresthill,1
Foristell,1
Fort Gibson,1
Fort Leonard Wood,1
Fort Myers Beach,1
Fort Stockton,1
Fort Thomas,1
Fortville,1
Fougeres,1
Freedom,1
Frenchtown,1
Friendship,1
Fussen,1
Fuzhou,1
Galt,1
Gandhinagar,1
Gap,1
Garcia,1
Garden Valley,1
Gartringen,1
Gate City,1
Gavle,1
Gays Mills,1
Gdynia,1
Gerald,1
Germantown Hills,1
Geronimo,1
Gex,1
Ghatshila,1
Gibsonia,1
Giessen,1
Girard,1
Gladewater,1
Glassmanor,1
Glenmoore,1
Glenns Ferry,1
Glenside,1
Glocester,1
Godfrey,1
Gold River,1
Golden Grove,1
Golden Meadow,1
Goochland,1
Goodland,1
Gorakhpur,1
Gorzow Wielkopolski,1
Gowrie,1
Grand Canyon Village,1
Grangeville,1
Grantham,1
Grantsville,1
Great Mills,1
Great River,1
Greater Noida,1
Greater Sudbury,1
Greenland,1
Greenup,1
Grimsby,1
Groesbeck,1
Guaymas,1
Gujan-Mestras,1
Hackettstown,1
Hale,1
Halifax,1
Halmstad,1
Ham Lake,1
Hamm,1
Hammonton,1
Hannut,1
Hardyston,1
Harlem,1
Harveys Lake,1
Haughton,1
Haven,1
Haverford,1
Haysville,1
Hazel Crest,1
Hazel Park,1
Hearne,1
Hebron,1
Heerlen,1
Helsingborg,1
Henagar,1
Henryetta,1
Highcliff,1
Highgate Center,1
Highland Falls,1
Hitchcock,1
Hitchin,1
Hoboken,1
Hoffman,1
Hofu,1
Holden Beach,1
Holloman Air Force Base,1
Holon,1
Holt,1
Honaker,1
Honesdale,1
Hook,1
Hopatcong,1
Hopkins,1
Horb am Neckar,1
Horseshoe Bay,1
Howard Lake,1
Hoyerswerda,1
Hubballi,1
Hubbardston,1
Huddersfield,1
Hudsonville,1
Hugoton,1
Humeston,1
Huntingburg,1
Hurlock,1
Hybla Valley,1
Ida Grove,1
Imlay City,1
Indian Rocks Beach,1
Interlachen,1
Inwood,1
Isle,1
Itapetininga,1
Itapeva,1
Itay Al Barud,1
Iwaizumi,1
Jacksboro,1
Jaen,1
Jastrzebie-Zdroj,1
Jeannette,1
Jenbach,1
Jeonju-si,1
Jerseyville,1
Jiutepec,1
Johnson,1
Joint Base Andrews,1
Joinville,1
Jose Leon Suarez,1
Justice,1
Kalyan,1
Kampen,1
Kamperland,1
Kane,1
Kaukauna,1
Kazimierza Wielka,1
Kealakekua,1
Keflavik,1
Keizer,1
Kendrick,1
Kentfield,1
Keokuk,1
Kerman,1
Kilgore,1
King,1
Kings Beach,1
Kirsehir,1
Kirtland,1
Kittery,1
Kittrell,1
Kitty Hawk,1
Kota Kinabalu,1
Kremenchuk,1
Kremmling,1
Kumasi,1
Kuna,1
Kurnool,1
Kuwait City,1
Kyoto,1
La Baule-Escoublac,1
La Grange Park,1
La Porte City,1
La Salle,1
La Verkin,1
Lac-Bouchette,1
Laclede,1
Lacombe,1
Lahaina,1
Laichingen,1
Lake Bluff,1
Lake Butler,1
Lake Grove,1
Lake Montezuma,1
Lake Villa,1
Lake Village,1
Lake Wylie,1
Lakeland Highlands,1
Lakewood Park,1
Lamoni,1
Landenberg,1
Langenthal,1
Langston,1
Lannion,1
Lares,1
Larkspur,1
Laughlin,1
Le Roy,1
Leavittsburg,1
Leisure City,1
Lemoyne,1
Lenox,1
Leo-Cedarville,1
Leonard,1
Leonardtown,1
Leoti,1
Les Sables-d'Olonne,1
Libourne,1
Lich,1
Liege,1
Ligonier,1
Lille,1
Lilongwe,1
Lincoln Township,1
Lincolnia,1
Lindsborg,1
Lionville,1
Lithia Springs,1
Little River-Academy,1
Lleida,1
Locust,1
Logrono,1
Lomas de Zamora,1
Lonoke,1
Loomis,1
Los Fresnos,1
Lower Burrell,1
Lower Lake,1
Loxley,1
Lucedale,1
Ludwigshafen,1
Lyss,1
Macclesfield,1
Maisons-Alfort,1
Maisons-Laffitte,1
Maize,1
Malton,1
Mammoth Spring,1
Manati,1
Mangaratiba,1
Mannheim,1
Manorville,1
Mansoura,1
Manzanillo,1
Maple,1
Maquoketa,1
Maraba,1
Marceline,1
Marcus Hook,1
Marinette,1
Maringa,1
Mars Hill,1
Marshall District,1
Marske-by-the-Sea,1
Mastic Beach,1
Mata de Sao Joao,1
Mataro,1
Mattapoisett,1
Mattawan,1
Mawna,1
Maynard,1
Maysville,1
Mechelen,1
Medan Barat,1
Meeker,1
Mena,1
Mendenhall,1
Mendota,1
Merriam,1
Messina,1
Meycauayan,1
Mian Channu,1
Midway,1
Milbank,1
Millinocket,1
Mineral Point,1
Minooka,1
Mira Bhayandar,1
Misool Timur,1
Mondeville,1
Monee,1
Mons,1
Montague,1
Monte Rio,1
Montevallo,1
Moody,1
Moravia,1
Morgan City,1
Morrison,1
Mount Holly Springs,1
Mount Ida,1
Mount Morris,1
Mount Morris Township,1
Mount Plymouth,1
Mount Sinai,1
Mountain Top,1
Muar,1
Mulbagal,1
Municipality of Gostivar,1
Municipality of Tetovo,1
Nagercoil,1
Namyangju-si,1
Napoleon,1
Nara,1
Navasota,1
Nebraska City,1
Necochea,1
Needville,1
Nevers,1
New Bremen,1
New Caney,1
New Carlisle,1
New Hanover,1
New Holland,1
New Prague,1
New Providence,1
New Westminster,1
New Windsor,1
Newbern,1
Newbury,1
Newcomerstown,1
Newton Falls,1
Newtonville,1
Niagara,1
Niteroi,1
Nokesville,1
Nora Springs,1
Norridge,1
Norridgewock,1
North Barrackpur,1
North Branch,1
North Brookfield,1
Northville,1
Norway,1
Norwood Young America,1
Nouakchott,1
Nove Zamky,1
Novelty,1
Nowata Public Schools,1
Nuevo Casas Grandes,1
Nukus,1
Oak Grove,1
Oakboro,1
Oakmont,1
Obera,1
Ocean Pines,1
Oceano,1
Oconto Falls,1
Odintsovo,1
Offenbach,1
Ogallala,1
Ogbomosho,1
Old Lyme,1
Old Orchard Beach,1
Old Saybrook,1
Olivos,1
Olyphant,1
Omak,1
Onaway,1
Onna,1
Orleans,1
Orofino,1
Osijek,1
Ostia,1
Ota City,1
Oulu,1
Owego,1
Pabianice,1
Paintsville,1
Panchkula,1
Paola,1
Parana,1
Parkwood,1
Pass Christian,1
Patuxent River,1
Paynesville,1
Peapack and Gladstone,1
Pearsall,1
Pearson,1
Pecs,1
Pelhrimov,1
Penasco,1
Perm,1
Perryopolis,1
Pietermaritzburg,1
Piney Flats,1
Pistoia,1
Plainwell,1
Plentywood,1
Point Roberts,1
Pomeroy,1
Port Aransas,1
Portage charter Township,1
Postville,1
Potosi,1
Powdersville,1
Pozuelo de Alarcon,1
Praia,1
Pratt,1
Presidio,1
Pristina,1
Provincetown,1
Prunedale,1
Pskov,1
Puno,1
Putnam,1
Quartzsite,1
Radford,1
Raeford,1
Rancho Santa Fe,1
Ravenel,1
Ray,1
Rayne,1
Red Springs,1
Rehovot,1
Revere,1
Richton,1
Ridge,1
Rio Verde,1
Riohacha,1
Ripon,1
Ritzville,1
Rivas-Vaciamadrid,1
Robbins,1
Robbinsville Township,1
Rock Valley,1
Roebuck,1
Rohtak,1
Romeo,1
Romorantin-Lanthenay,1
Roscommon Township,1
Roseboro,1
Rosedale,1
Rosendale,1
Roslyn Heights,1
Rossford,1
Rouen,1
Round Lake,1
Rovigo,1
Rowley,1
Rudrapur,1
Sabah Al Salem,1
Sabetha,1
Sackets Harbor,1
Saguenay,1
Saharanpur,1
Saint Albans,1
Saint John's,1
Saint Peter,1
Saint-Felicien,1
Saint-Jean-sur-Richelieu,1
Saint-Maur-des-Fosses,1
Saint-Ouen-sur-Seine,1
Saint-Tropez,1
Sainte-Anne-des-Plaines,1
Sale,1
Sallisaw,1
Salmon Arm,1
Samsun,1
San Francisco de Macoris,1
San German,1
Santander,1
Santiago Ixcuintla,1
Santiago Papasquiaro,1
Sapporo,1
Saukville,1
Savar,1
Schaerbeek,1
Schoten,1
Schwabach,1
Scott City,1
Scottville,1
Seffner,1
Sejong-si,1
Semarang,1
Senatobia,1
Seogwipo-si,1
Setagaya City,1
Shamrock,1
Sharon Center,1
Shavertown,1
Shelter Island,1
Shinagawa City,1
Shiner,1
Siegen,1
Sinking Spring,1
Sisseton,1
Sivas,1
Skyline View,1
Slany,1
Smiths Falls,1
Somers Point,1
Sorel-Tracy,1
Sorrento,1
South Bay,1
South Dumdum,1
South Houston,1
South Venice,1
Southbridge,1
Split,1
Spring Green,1
Spring Lake Park,1
St Albans,1
St Helier,1
St. Pete Beach,1
Stanfordville,1
Starogard Gdanski,1
Stettler,1
Stillwater Township,1
Stoke-on-Trent,1
Stone Ridge,1
Stonybrook,1
Stover,1
Streetsboro,1
Struthers,1
Stuarts Draft,1
Suffield,1
Suisun City,1
Summerfield,1
Summerside,1
Sunbright,1
Sunbury-on-Thames,1
Sundance,1
Sunset Hills,1
Surabaya,1
Swampscott,1
Sweet Home,1
Sweetwater,1
Swellendam,1
Sylva,1
Sylvester,1
Szczecin,1
Szeged,1
Szekszard,1
Taby,1
Tagaytay,1
Takatsuki,1
Talihina,1
Tallapoosa,1
Tamazula de Gordiano,1
Tambun Selatan,1
Tangail,1
Tanque Verde,1
Telford,1
Tenafly,1
Tenali,1
Teziutlan,1
The Bronx,1
The Meadows,1
Thermopolis,1
Three Forks,1
Tianjin,1
Tichigan,1
Tilton,1
Timmins,1
Tittabawassee Township,1
Tlalnepantla de Baz,1
Tom Bean,1
Tonning,1
Tonopah,1
Topsham,1
Torun,1
Toulouse,1
Tours,1
Towaoc,1
Travilah,1
Treasure Island,1
Tremonton,1
Trion,1
Tulia,1
Tylertown,1
Ubeda,1
Ubly,1
Uccle,1
Ueda,1
Uhrichsville,1
Union Grove,1
Union Hill-Novelty Hill,1
Union Springs,1
Usak,1
Vacoas-Phoenix,1
Valdese,1
Valley,1
Valley View,1
Vandenberg Space Force Base,1
Vecindario,1
Vellore,1
Venlo,1
Viana do Castelo,1
Villa Ballester,1
Villa Maria,1
Villa Park,1
Vilseck,1
Vineyard,1
Vinnytsia,1
Viseu,1
Vonore,1
Wade Hampton,1
Waianae,1
Wailea-Makena,1
Walhalla,1
Walls,1
Warroad,1
Watkins Glen,1
Watkinsville,1
Watton,1
Wattsville,1
Waupun,1
Weare,1
Wellingborough,1
Wells Branch,1
Wessington Springs,1
West Frankfort,1
West Yellowstone,1
Westchase,1
Westerlo,1
Western Heights,1
Westfield Center,1
Westmere,1
Weston-super-Mare,1
Wheatland,1
White Cloud,1
White House,1
White Marsh,1
White Sulphur Springs,1
White Swan,1
Whitman,1
Wickliffe,1
Wilbraham,1
Wildomar,1
Williams,1
Williams Bay,1
Willowick,1
Winterport,1
Wolverhampton,1
Wonder Lake,1
Woodbine,1
Worms,1
Worth,1
Wrentham,1
Wynantskill,1
Xangri-la,1
Yaounde,1
Yates Center,1
Yehud,1
Yellowknife,1
Yevpatoriya,1
Zachary,1
Zapata,1
Zaventem,1
Zenica,1
Zilina,1
Zitacuaro,1
Zuni,1