page_title,active_visitors
(other),29314
"The United States Social Security Administration | SSA",4421
Social Security,2901
"my Social Security | SSA",2630
Social Security - User Registration,2508
,2309
"ROME Survey Page | SSA",1556
Replacement Card,1044
Business Services Online,843
"Supplemental Security Income (SSI) | SSA",620
"Apply for Social Security Benefits | SSA",602
"Replace Social Security card | SSA",567
"Online Services | SSA",548
"Social Security number & card | SSA",434
"Contact Social Security | SSA",330
Eligibility,279
"Plan for retirement | SSA",263
"Sign up for Medicare | SSA",259
"Social Security in retirement | SSA",254
"Check application or appeal status | SSA",227
"Replacement card | SSA",226
"Check eligibility for benefits | SSA",213
Employer W-2 Filing Instructions & Information,205
"Social Security Online Message: Program Error | SSA",200
"Social Security Forms | Social Security Administration",191
"Field Office Locator | SSA",187
"Disability Benefits | SSA",186
"Change name with Social Security | SSA",179
"Contact Social Security By Phone | SSA",173
"Get a benefits estimate | SSA",166
Listing of Impairments - Adult Listings (Part A),140
"Apply for Supplemental Security Income (SSI) | SSA",130
"iClaim Survey Page | SSA",125
"FAQ Home  · FAQ | SSA",119
Apply Online for Disability Benefits,118
"Plan for Medicare | SSA",113
"Get benefit verification letter | SSA",111
"Request a Social Security number | SSA",103
"Request to withhold taxes | SSA",100
"Survivors Benefits | SSA",99
"Who can get SSI | SSA",93
"Cost-of-Living Adjustment (COLA) Information | SSA",89
"Benefits Planner: Retirement | Retirement Age and Benefit Reduction | SSA",86
"Manage Social Security benefits | SSA",85
"Personal Social Security record | SSA",83
"Update contact information | SSA",82
"Learn what documents you will need to get a Social Security Card | SSA",81
"404 - Page Not Found | SSA",74
"Sign up for Part B only | SSA",74
"Benefits | SSA",73
"Apply for Medicare Part D Extra Help program | SSA",70
"Sorry, we could not verify your identity | SSA",68
"Get Your Social Security Statement | my Social Security | SSA",64
"Benefits Planner: Retirement | Receiving Benefits While Working | SSA",63
"Protect Yourself from Social Security Scams | SSA",63
"View benefit payment schedule | SSA",63
"How You Qualify | Disability Benefits | SSA",61
"If You Are the Survivor | SSA",61
"Update direct deposit | SSA",60
Retirement & Survivors Benefits: Life Expectancy Calculator,59
"Benefits Planner: Retirement | Retirement Age Calculator | SSA",56
"Administración del Seguro Social de los EE. UU. | SSA",54
"KA-02771 · FAQ | SSA",53
"Thank you for using Business Services Online | SSA",53
"Prepare for Social Security benefits | SSA",52
"Appeal a decision we made | SSA",50
"Publications | SSA",50
"Get tax form (1099/1042S) | SSA",49
"Benefit Calculators | SSA",47
"How much you could get from SSI | SSA",47
"Manage your Medicare benefits | SSA",46
"Benefits Planner | Income Taxes and Your Social Security Benefit | SSA",45
Popular Baby Names,45
"When to sign up for Medicare | SSA",44
"Office Closings and Emergencies | SSA",43
"Benefits Planner: Retirement | Benefits For Your Family | SSA",41
"Seguridad de Ingreso Suplementario (SSI) | SSA",39
Benefits for People with Disabilities,38
Contribution and Benefit Base,38
"Get Started to Apply for SSI | SSA",38
Social Security History,38
"Benefits Planner: Retirement | Born in 1960 or later | SSA",37
"Create an Account | my Social Security | SSA",36
11.00-Neurological-Adult,34
"Parts of Medicare | SSA",34
Customer Support for Wage Reporting,33
"Request reconsideration | SSA",33
"See how your pension may affect your benefits | SSA",32
12.00-Mental Disorders-Adult,31
Part III - Listing of Impairments (Overview),31
Top Names Over the Last 100 Years,31
"Form SSA-10 | Information You Need to Apply for Widow's, Widower's or Surviving Divorced Spouse's Benefits | Social Security Administration",30
1.00 Musculoskeletal Disorders - Adult,29
Electronic W-2 Filing User Handbook,29
- U.S. Social Security Administration Search Results,28
"Agency Resources | SSA",27
"Appointed Representative Services | Office of Hearings Operations",27
"KA-02017 · FAQ | SSA",27
Retirement Earnings Test Calculator,27
"Topics  · FAQ | SSA",26
13.00-Malignant Neoplastic Diseases-Adult,25
"Eligibility | SSA",25
"Video - Welcome to Our Online Retirement/Medicare Application | Social Security Administration",25
"Feedback Form | SSA",24
"Request to lower an Income-Related Monthly Adjustment Amount (IRMAA) | SSA",24
"How do I schedule, reschedule, or cancel an appointment?  · FAQ | SSA",23
"KA-01921 · FAQ | SSA",23
"Request for a Social Security Statement (SSA-7004) | Social Security Administration",23
"Review record of earnings | SSA",23
"Accessibility | Social Security Administration",22
"Benefits Planner: Retirement | Online Benefits Calculator | SSA",22
Privacy Program,22
Social Security - Representative Payee Program,22
Specifications for Filing Forms W-2 and W-2c,22
Actuarial Life Table,21
"Exceptions to SSI income and resource limits | SSA",21
"KA-01897 · FAQ | SSA",21
Listing of Impairments - Child Listings (Part B),21
"Repay overpaid Social Security benefits | SSA",21
SSI Federal Payment Amounts for 2024,21
Understanding SSI - SSI Eligibility,21
"Update citizenship or immigration status | SSA",21
"Apply For A Child (Under Age 18) | Disability Benefits | SSA",20
Benefit Calculators - Estimate Your Benefit,20
"External Site Disclaimer | SSA",20
"Form SSA-1 | Information You Need To Apply For Retirement Benefits Or Medicare | Social Security Administration",20
"KA-01981 · FAQ | SSA",20
Social Security Administration - Representative Payee Program,20
Social Security Benefit Amounts,20
4.00-Cardiovascular-Adult,19
Choose Work! - Ticket to Work - Social Security,19
"Form SSA-2 | Information You Need to Apply for Spouse's or Divorced Spouse's Benefits | Social Security Administration",19
"Schedule of Social Security Payments | SSA",19
"Social Security Administration | Direct Deposit",19
What's New in 2024,19
BSO Suite of Services,18
"Benefits Planner: Retirement | Windfall Elimination Provision (WEP) Online Calculator | SSA",18
Social Security’s Webinar Series for the Wage Reporting Community,18
The Social Security Number Verification Service,18
Compassionate Allowances Complete List of Conditions,17
"How You Apply | Disability Benefits | SSA",17
"Report monthly wages and other income while on SSI | SSA",17
"Report stolen Social Security number | SSA",17
"Form SSA-632 | Request For Waiver Of Overpayment Recovery Or Change In Repayment Rate",16
"Form SSA-8 | Information You Need To Apply For Lump Sum Death Benefit | Social Security Administration",16
Normal retirement age (NRA),16
Paper Forms W-2 & Instructions,16
"Receiving Survivors Benefits Early | SSA",16
Representing SSA Claimants,16
SSA's Policy Information Site - POMS,16
"What happens if I work and get Social Security retirement benefits?  · FAQ | SSA",16
14.00-Immune-Adult,15
"KA-01891 · FAQ | SSA",15
Service Around the World - Office of Earnings & International Operations,15
"Social Security: Fraud Prevention and Reporting | SSA",15
3.00-Respiratory-Adult,14
"Benefits Planner | Social Security Tax Limits on Your Earnings | SSA",14
"Eligibility for Social Security in retirement | SSA",14
"Form SSA-4 | Information You Need To Apply for Child's Benefits | Social Security Administration",14
"Reporting responsibilities for SSI | SSA",14
"Retirement | Born in 1959 | SSA",14
Social Security Retirement Benefit Calculation,14
Understanding SSI - SSI Income,14
5.00-Digestive-Adult,13
7.00-Hematological-Adult,13
Employer W-2 Filing Instructions & Information - First Time Filers,13
Form SSA-827,13
Latest Cost-of-Living Adjustment,13
"Planning for Your Survivors | SSA",13
"Retirement | Born in 1957 | SSA",13
SSA's Policy Information Site - POMS - About POMS,13
Substantial Gainful Activity,13
"The Work Site | SSA",13
"my Social Security | Social Security Administration",13
"Benefits Planner: Retirement | Medicare Premiums | SSA",12
"Home | Office of the Inspector General",12
"How do I apply for a replacement Social Security number card online?  · FAQ | SSA",12
Other Ways To Apply For Benefits,12
Understanding SSI - SSI Benefits,12
Understanding SSI - SSI for Children,12
6.00-Genitourinary-Adult,11
"About Social Security | SSA",11
"Benefits Planner | Social Security Credits and Benefit Eligibility | SSA",11
"Benefits Planner: Retirement | Filing Rules for Retirement and Spouses Benefits | SSA",11
Compassionate Allowances Website Home Page,11
Explore The Benefits You May Be Due,11
"Form SSA-561 | Request for Reconsideration | Social Security Administration",11
"KA-02471 · FAQ | SSA",11
"Online Service Not Available | SSA",11
"Press Release | Press Office | SSA",11
Primary Insurance Amount,11
SSA's Official Hearings and Appeals Website,11
Social Security Office of Earnings & International Operations,11
Tarjeta de reemplazo,11