domain,visits
zh.stopbullying.gov,623
zfish.nichd.nih.gov,76
yrbs-analysis.cdc.gov,194
youth.gov,39513
yesmeanstest.org,72
xform.irp.nia.nih.gov,39
wwwuat.nichd.nih.gov,15
wwwstage.nigms.nih.gov,14
wwwqa.nlm.nih.gov,69
wwwntb.nimh.nih.gov,3
wwwndev.cdc.gov,33
wwwnctest.cdc.gov,6
wwwncdev.cdc.gov,13
wwwnc.cdc.govhttps,2
wwwnc.cdc.gov,537023
wwwnc-origin.cdc.gov,19
wwwnc-cdc-gov.ezproxy.nihlibrary.nih.gov,3
wwwn.cdc.gov,94346
wwwlink.cdc.gov,132
wwwdev.cdc.gov,112
wwwapptest.nimh.nih.gov,44
wwwappstst.nimh.nih.gov,46
wwwappstest.nimh.nih.gov,27
wwwappstage.nimh.nih.gov,37
wwwappsstage.nimh.nih.gov,53
wwwapps.nimh.nih.gov,790
www4.pagefreezer.com,2
www3.epa.gov,3
www2dev.cdc.gov,4
www2c.cdc.gov,92
www2a.cdc.gov,16425
www2.ed.gov,3
www2.cdc.gov,9195
www.whitehouse.gov,128
www.wethinktwice.acf.hhs.gov,5209
www.wellstonemdcenters.nih.gov,12
www.webworkspace.nei.nih.gov,158
www.videocast.nih.gov,71
www.vaccines.gov,56
www.va.gov,3
www.uspto.gov,2
www.usps.com,3
www.uspreventiveservicestaskforce.org,82671
www.usphs.gov,13905
www.usda.gov,2
www.usa.gov,19
www.ttb.gov,3
www.tsp.gov,72
www.training.seer.cancer.gov,1497
www.thecommunityguide.org,14
www.techlab.cdc.gov,45
www.store.samhsa.gov,2
www.stopbullying.gov,32849
www.stopalcoholabuse.gov,2242
www.statfund.cancer.gov,10
www.statecancerprofiles.cancer.gov,366
www.state.gov,10
www.ssa.gov,43
www.spectrum.niaaa.nih.gov,187
www.simplereport.gov,5263
www.selectagents.gov,4211
www.section508.gov,8
www.sbir.gov,6
www.samhsa.gov,556920
www.sae.cancer.gov,8
www.rethinkingdrinking.niaaa.nih.gov,36906
www.remm.hhs.gov,24
www.regulations.gov,3
www.rbstudy.cancer.gov,8
www.queri.research.va.gov,2
www.publichealth.va.gov,4
www.psoppc.org,360
www.profiles.nlm.nih.gov,32
www.prevention.nih.gov,85
www.prevention.cancer.gov,94
www.preprod.fda.gov,7
www.ppb.cancer.gov,8
www.philab.cdc.gov,2
www.peerta.acf.hhs.gov,50
www.pdev.grants.gov,71
www.painconsortium.nih.gov,397
www.osti.gov,2
www.osha.gov,156
www.organdonor.gov,15693
www.oraulearning.org,2
www.opm.gov,30
www.ombudsman.nih.gov,16
www.oig.hhs.gov,3442
www.obssr.od.nih.gov,2
www.obesityresearch.nih.gov,191
www.oar.nih.gov,1195
www.nsf.gov,12
www.nrcs.usda.gov,3
www.nps.gov,2
www.npdb.hrsa.gov,45858
www.noisyplanet.nidcd.nih.gov,3027
www.nlm.nih.govhttps,3
www.nlm.nih.gov,478577
www.nitaac.nih.gov,94
www.ninr.nih.gov,3791
www.ninds.nih.gov,491113
www.nimh.nih.gov,627219
www.nih.gov,440157
www.nigms.nih.gov,26724
www.niehs.nih.gov,31474
www.niddk.nih.gov,1552373
www.nidcr.nih.gov,120407
www.nidcd.nih.gov,243939
www.nichd.nih.gov,195152
www.nibib.nih.gov,62661
www.niams.nih.gov,349423
www.niaid.nih.gov,129391
www.niaaa.nih.gov,241231
www.nia.nih.gov,585690
www.nhtsa.gov,9
www.nhlbi.nih.gov,2912588
www.nei.nih.gov,265075
www.neh.gov,19
www.ncorp.cancer.gov,21
www.nccih.nih.gov,248799
www.ncbi.nlm.nih.gov,2
www.nasa.gov,10
www.nal.usda.gov,13
www.myplate.gov,209
www.msha.gov,2
www.medlineplus.gov,2494
www.medicare.gov,2444455
www.medicalcountermeasures.gov,2174
www.medicaid.gov,133
www.mdcc.nih.gov,109
www.mbda.gov,3
www.marrowfailure.cancer.gov,76
www.madeinamerica.gov,7
www.lrp.nih.gov,2936
www.lhncbc.nlm.nih.gov,157
www.knowyourchances.cancer.gov,11
www.kids.niehs.nih.gov,21
www.justice.gov,69
www.irs.gov,2
www.iprcc.nih.gov,187
www.insurekidsnow.gov,18
www.indexcat.nlm.nih.gov,29
www.imagwiki.nibib.nih.gov,1083
www.ihs.gov,213758
www.icbc.cancer.gov,21
www.iacc.hhs.gov,159
www.hrsa.gov,130191
www.hiv.gov,182997
www.hhs.gov,868613
www.hepatitis.va.gov,3
www.healthit.gov,84231
www.healthcare.gov,4694685
www.health.mil,8
www.hcup-us.ahrq.gov,2
www.grants.nih.gov,23
www.grants.gov,285596
www.gis.cancer.gov,8
www.genome.gov,329311
www.ftc.gov,6
www.fsis.usda.gov,8
www.foodsafety.gov,142299
www.fns.usda.gov,19
www.findtreatment.gov,45497
www.findhivcare.hrsa.gov,18
www.findahealthcenter.hrsa.gov,841
www.fic.nih.gov,11333
www.fda.gov,5355232
www.fatherhood.gov,16260
www.fai.gov,2
www.faa.gov,48
www.era.nih.gov,118979
www.epa.gov,256
www.emergency.cdc.gov,977
www.eldercare.gov,748
www.eeoc.gov,25
www.ecfr.gov,130
www.drive.hhs.gov,35
www.dol.gov,83
www.discover.nci.nih.gov,3
www.dietassessmentprimer.cancer.gov,26
www.dietaryguidelines.gov,2
www.dev.era.nih.gov,63
www.dea.gov,25
www.datasetcatalog.nlm.nih.gov,2
www.datafiles.samhsa.gov,5235
www.cuidadodesalud.gov,234785
www.cptoolkitcatalog.peerta.acf.hhs.gov,2
www.cpsc.gov,2
www.cpfp.cancer.gov,11
www.covidtests.gov,4
www.covid19treatmentguidelines.nih.gov,202965
www.covid.gov,1377462
www.consumer.ftc.gov,7
www.commonfund.nih.gov,32
www.collegedrinkingprevention.gov,1876
www.cms.gov,1714441
www.cit.nih.gov,2861
www.cisnet.cancer.gov,36
www.cisa.gov,10
www.childwelfare.gov,63461
www.childcare.gov,677
www.census.gov,61
www.cdc.gov,20001247
www.ccrhb.od.nih.gov,40
www.cc.nih.gov,9729
www.cbexpress.acf.hhs.gov,20
www.catalog.niams.nih.gov,7
www.caring4kidswithcovid.nih.gov,4
www.cancer.gov,1791693
www.blsa.nih.gov,1893
www.biospecimens.cancer.gov,15
www.bioethics.nih.gov,701
www.benefits.va.gov,4
www.atsdr.cdc.gov,88436
www.aspe.hhs.gov,1014
www.arts.gov,2
www.ars.usda.gov,12
www.archives.gov,3
www.anaalaska.org,16
www.ams.usda.gov,3
www.alzheimers.gov,62723
www.allofus.nih.gov,66
www.ahrq.gov,133838
www.aghealth.nih.gov,66
www.addictionresearch.nih.gov,151
www.ada.gov,2
www.acf.hhs.gov,219558
www.acd.od.nih.gov,172
www.accessdata.preprod.fda.gov,9
www.accessdata.fda.gov,891697
www.access.fda.gov,22276
www-test-acsf.cancer.gov,390
www-test-ac.cancer.gov,13
www-prod-acsf.cancer.gov,84
www-nlm-nih-gov.translate.goog,3
www-mslmb.niddk.nih.gov,230
www-int-ac.cancer.gov,34
www-dev-acsf.cancer.gov,70
www-dev-ac.cancer.gov,13
www-cms.cancer.gov,221
www-cms-test.cancer.gov,277
www-cms-dev.cancer.gov,17
wsearch.nlm.nih.gov,176
wpat.cdc.gov,110
wpat-int.cdc.gov,89
wonder.cdc.gov,70
womeninscience.nih.gov,217
women.smokefree.gov,5793
wisqars.cdc.gov,22
wheelie.acl.gov,43
wethinktwice.acf.hhs.gov,42
wellstonemdcenters.nih.gov,49
wecandothis.hhs.gov,2
websrch.cit.nih.gov,149
webservice.nhlbi.nih.gov,72
weblvg.lhcaws.nlm.nih.gov,2
webcache.googleusercontent.com,149
webbook.nist.gov,3
webarchive.library.unt.edu,45
web.archive.org,3
weaad.acl.gov,56
wcms.nhlbi.nih.gov,228
wcms-wp.cdc.gov,13
wcms-wp-test-archive.cdc.gov,2
wcms-wp-dev-wwwdev.cdc.gov,3
wcms-wp-dev-archive.cdc.gov,3
wayback.archive-it.org,4
vsearch.nlm.nih.gov,741772
vsearch-nlm-nih-gov.translate.goog,2
vsaccollab.wip.nlm.nih.gov,33
vsaccollab.nlm.nih.gov,80
vsac.wip.nlm.nih.gov,256
vsac.nlm.nih.gov,4232
vsac-qa.nlm.nih.gov,97
vsac-dev.nlm.nih.gov,93
vmd-xplor.niddk.nih.gov,29
vmd-xplor.cit.nih.gov,47
visualsonline.cancer.gov,25913
visuals-prod-cf10.ha.nci.nih.gov,18
videocast.nih.gov,36944
videocast-nih-gov.ezproxy.nihlibrary.nih.gov,2
video.nih.gov,11
veterans.smokefree.gov,15383
vac.niaid.nih.gov,86
vac-dev.niaid.nih.gov,2
uts.nlm.nih.gov,8489
uts.awsqa.nlm.nih.gov,98
uts.awsprod.nlm.nih.gov,85
uts.awsint.nlm.nih.gov,31
uts-qa.nlm.nih.gov,49
uts-qa-green.nlm.nih.gov,28
uts-green.nlm.nih.gov,29
uspstftest.ahrq.gov,4
uspreventiveservicestaskforce.org,6038
usphs.gov,699
unicron.acl.gov,43
ucum.nlm.nih.gov,141
ucum.lhcaws.nlm.nih.gov,28
ucum.lhcaws-stage.nlm.nih.gov,4
ucceventsupport.cit.nih.gov,62
uatprogramportal.bhwenv.hrsa.gov,20
uatbhwnextgen.bhwenv.hrsa.gov,39
uat-vsac.nlm.nih.gov,251
uat-portal.gdc.cancer.gov,51
uat-leatherdata.nlm.nih.gov,3
uat-hmddirectory.nlm.nih.gov,7
uat-cts.nlm.nih.gov,6
tststore.samhsa.gov,3
tstoiteblog.od.nih.gov,4
tst.niehs.nih.gov,50
tst-brt.niehs.nih.gov,50
ts.wip.nlm.nih.gov,36
ts.nlm.nih.gov,36
ts-dev.nlm.nih.gov,2
trp.cancer.gov,635
trnprogramportal.bhwenv.hrsa.gov,15
triage-pilot.niaid.nih.gov,23
travel.state.gov,14
translated.turbopages.org,2814
training.simplereport.gov,51
training.seer.cancer.gov,133883
training.nnlm.gov,39
trainatnci.cancer.gov,2996
tpwb.nci.nih.gov,50
tox21.gov,358
tortoise.nibib.nih.gov,112
tools4tst.niehs.nih.gov,2
tools4dev.niehs.nih.gov,2
tools2tst.niehs.nih.gov,2
tools2dev.niehs.nih.gov,2
tools.niehs.nih.gov,1703
tools.cdc.gov,20584
tools-origin.cdc.gov,39
tips.oig.hhs.gov,2832
thinkculturalhealth.hhs.gov,20568
thinkculturalhealth-qc.thinkculturalhealth.hhs.gov,12
thesaurus.cancer.gov,352
therealcost.betobaccofree.hhs.gov,464954
tgm.nibib.nih.gov,36
textrous.irp.nia.nih.gov,34
testinglocatoruat.cdc.gov,59
testinglocatordev.cdc.gov,59
testinglocator.cdc.gov,81747
testdomain.nih.gov,46
test4programportal.bhwenv.hrsa.gov,381
test4bhwnextgen.bhwenv.hrsa.gov,212
test3programportal.bhwenv.hrsa.gov,690
test3bhwnextgen.bhwenv.hrsa.gov,305
test2programportal.bhwenv.hrsa.gov,2053
test2bmiss.bhwenv.hrsa.gov,7
test2bhwnextgen.bhwenv.hrsa.gov,837
test1programportal.bhwenv.hrsa.gov,624
test1bhwnextgen.bhwenv.hrsa.gov,131
test.simplereport.gov,10
test.medicaid.gov,31
test.insurekidsnow.gov,2
test.edit.medicaid.gov,3
test.edit.insurekidsnow.gov,13
test.cloud.cms.gov,231
test-qualitynet.cms.gov,1479
test-eqrs.cms.gov,5
telehealth.hhs.gov,147639
teenpregnancy.acf.hhs.gov,962
teen.smokefree.gov,42821
techtransfer.cancer.gov,701
techtransfer-test-acsf.cancer.gov,3
techtransfer-dev-acsf.cancer.gov,4
techtransfer-cms.cancer.gov,6
teamsiteqa.nlm.nih.gov,32
teamsite.nlm.nih.gov,182
tbportals.niaid.nih.gov,334
taraskalab.nhlbi.nih.gov,40
t.cdc.gov,2
t-origin.cdc.gov,37
surveillance.cancer.gov,3921
supportorgs.cancer.gov,376
support.nlm.nih.gov,60585
stsuat.nichd.nih.gov,2
store.samhsa.gov,30749
stgstore.samhsa.gov,33
stgdatafiles.samhsa.gov,9
stg.simplereport.gov,10
stg.rethinkingdrinking.niaaa.cit.nih.gov,2
stg.ocio-jira.acf.hhs.gov,7
stg-poisonhelp.cloud.hhs.gov,2
stg-bloodstemcell.cloud.hhs.gov,2
stg-aspr.hhs.gov,377
static.prototype.cdc.gov,67
statfund.cancer.gov,67
statecancerprofiles.cancer.gov,4174
stagingfss.nichd.nih.gov,2
staging.seer.cancer.gov,13178
staging.ohrp.cit.nih.gov,21
staging.nia.nih.gov,28
staging.ehp.niehs.nih.gov,16
staging.assets.cms.gov,13
staging-stacks.cdc.gov,28
staging-noaa.cdc.gov,8
staging-meps.ahrq.gov,35
staging-leatherdata.nlm.nih.gov,8
staging-hmddirectory.nlm.nih.gov,2
staging-eresources.nlm.nih.gov,6
staging-dot.cdc.gov,7
stagetestdomain3.nih.gov,60
stagetestdomain2.nih.gov,42
stagetestdomain.nih.gov,52
stagenwd.acl.gov,16
stagenorc.acl.gov,45
stagencapps.acl.gov,47
stagenatc.acl.gov,45
stagenadrc.acl.gov,51
stageelderjustice.acl.gov,48
stageeldercarev2.acl.gov,45
stageeldercare.acl.gov,54
stageejcc.acl.gov,47
stagedial.acl.gov,41
stagedata.acl.gov,49
stageagingstats.acl.gov,59
stageagid.acl.gov,40
stage.sharing.nih.gov,6
stage.seed.nih.gov,7
stage.olaw.nih.gov,6
stage.niehs.nih.gov,105
stage.niaaa.nih.gov,5
stage.dcp.psc.gov,59
stage.cloud.nih.gov,16
stage.bcda.cms.gov,2
stage.arcr.niaaa.nih.gov,2
stage-digitalmedia.hhs.gov,66
stage-api.digitalmedia.hhs.gov,34
stage-acquia.niehs.nih.gov,18
staffprofiles.cancer.gov,597
staffprofiles-sg.cancer.gov,2
staffprofiles-dev.cancer.gov,6
stacks.cdc.gov,36883
sscc.nimh.nih.gov,86
srtr.transplant.hrsa.gov,1313
srdrplus.ahrq.gov,1906
sprs-stage.od.nih.gov,3
spotlight.nlm.nih.gov,38
spnuat.nichd.nih.gov,2
spin.niddk.nih.gov,3
spectrum.niaaa.nih.gov,82
speakerrequest.acl.gov,2
sopsdatabase.ahrq.gov,111
soccer.nci.nih.gov,40
soarworks.samhsa.gov,47014
snpfisher.nichd.nih.gov,36
snengs.nichd.nih.gov,73
smokefree.gov,55936
smartpay.gsa.gov,4
smart-launcher.lhcaws-stage.nlm.nih.gov,4
siteunavailable.od.nih.gov,27
sites.wip.nlm.nih.gov,1259
sites.nlm.nih.gov,1238
sit.usphs.gov,282
sip.semantics.cancer.gov,26
sip.evs.cancer.gov,23
sip-dev.semantics.cancer.gov,11
simpler.grants.gov,1005
simpleform.nlm.nih.gov,10
signal.niaid.nih.gov,95
shi-qa.apps.ecpaas-dev.cdc.gov,17
shi-dev.apps.ecpaas-dev.cdc.gov,26
sharing.nih.gov,7254
sgreports.nlm.nih.gov,44
sgmap.nidcr.nih.gov,78
sgisnidillr.acl.gov,44
selectagents.gov,164
seer.cancer.gov,109414
seek.niehs.nih.gov,406
seek-dev.niehs.nih.gov,3
seed.nih.gov,9630
security.cms.gov,178
searchqa7.nlm.nih.gov,3
searchadmdev.nlm.nih.gov,7
searchadm7.nlm.nih.gov,3
search1.hrsa.gov,163
search.usa.gov,4860
search.ssa.gov,4
search.npdb.hrsa.gov,841
search.nnlm.gov,203
search.nih.gov,29470
search.nccih.nih.gov,4
search.medicare.gov,3
search.girlshealth.gov,28
search.fda.gov,466
search.cms.gov,30
search.cdc.gov,211558
search.ahrq.gov,4345
sclccelllines.cancer.gov,48
science.nichd.nih.gov,883
scatlaslc.ccr.cancer.gov,120
scan.cloud.nih.gov,35
sbx-qualitynet.cms.gov,57
sbir.cancer.gov,1267
sbir-test-acsf.cancer.gov,8
sbir-prod-acsf.cancer.gov,33
sbir-dev-acsf.cancer.gov,5
sbir-cms.cancer.gov,8
sbir-cms-test.cancer.gov,7
sas.cit.nih.gov,46
sardinia.nia.nih.gov,70
sardinia.irp.nia.nih.gov,32
sardinia.grc.nia.nih.gov,25
sarcomacelllines.cancer.gov,54
sandbox.dpc.cms.gov,30
samples.moonshotbiobank.cancer.gov,28
sam.gov,20
salud.nih.gov,148102
safetosleep.nichd.nih.gov,27167
sae.cancer.gov,107
ryanwhite.hrsa.gov,13850
rxterms65-vip.nlm.nih.gov,33
rxterms.nlm.nih.gov,69
rxterms-wip.lhcaws.nlm.nih.gov,28
rxterms-vip.nlm.nih.gov,34
rxnav.lhcaws-stage.nlm.nih.gov,6
rxmix3.lhcaws-stage.nlm.nih.gov,27
rxmix3-prod.lhcaws.nlm.nih.gov,7
rxmix.lhcaws-stage.nlm.nih.gov,6
rxmix-prod.lhcaws.nlm.nih.gov,4
rxclass.lhcaws-stage.nlm.nih.gov,4
rxclass-prod.lhcaws.nlm.nih.gov,20
rsc.niaid.nih.gov,1140
rsc-staging.niaid.nih.gov,6
rsc-prod.niaid.nih.gov,36
rsc-dev.niaid.nih.gov,15
rrp.cancer.gov,257
ros.nia.nih.gov,534
rnastructure.cancer.gov,52
rmp.nlm.nih.gov,55
rid.cancer.gov,181
retreat.nichd.nih.gov,40
rethinkingdrinking.niaaa.nih.gov,1583
resources.cisnet.cancer.gov,167
researchtraining.nih.gov,8443
researchmethodsresources.nih.gov,575
research.ninds.nih.gov,5126
reproductiverights.gov,2244
reporter.nih.gov,7
report.nih.gov,12501
remm.hhs.gov,18549
remm-app-test.beam.hhs.gov,2
remm-app-dev.beam.hhs.gov,2
reach.cdc.gov,8974
reach-test.cdc.gov,320
rbstudy.cancer.gov,43
ratereview.test.healthcare.gov,90
ratereview.imp.healthcare.gov,87
ratereview.healthcare.gov,776
rasopathies.cancer.gov,130
rap.tbportals.niaid.nih.gov,38
radiationcalculators.cancer.gov,376
r.search.yahoo.com,2
qualitynet.cms.gov,4
qualityindicators.ahrq.gov,6699
qpp.cms.gov,53809
qars.cdc.gov,17
qa.medlineplus.gov,6
qa.assets.cms.gov,6
qa-test-stacks.cdc.gov,12
qa-stacks.cdc.gov,23
pubweb-staging.niaid.nih.gov,6
pubweb-prod.niaid.nih.gov,98
pubweb-dev.niaid.nih.gov,68
pubs.niaaa.nih.gov,12
pubmedhh.nlm.nih.gov,3905
pubmedhh-stage.lhcaws-test.nlm.nih.gov,4
pubmedhh-prod.lhcaws.nlm.nih.gov,30
publications.nci.nih.gov,91
publicaccess.nih.gov,2849
public4.pagefreezer.com,2709
public3.pagefreezer.com,56
public.era.nih.gov,131
ptfcehs.niehs.nih.gov,124
ptdev.cdc.gov,33
pt.cdc.gov,278
pso.ahrq.gov,2196
pso-stage.ahrq.gov,47
psnet.ahrq.gov,51063
psnet-staging.ahrq.gov,459
psd.cancer.gov,104
prowl.nei.nih.gov,213
prowl-demo.cit.nih.gov,10
provocativequestions.cancer.gov,180
provocativequestions-prod.ha.nci.nih.gov,34
prototype.cdc.gov,2
proteomicspreview.ha2.cancer.gov,38
proteomicspreview-prod.cancer.gov,33
proteomics.ha2.cancer.gov,39
proteomics.cancer.gov,1801
proteomics-prod.cancer.gov,38
proteomic.datacommons.cancer.gov,917
proteome.nih.gov,70
progressreport.cancer.gov,4457
programportalpreprodcloud.hrsa.gov,5
programportal.hrsa.gov,23017
profiles.nlm.nih.gov,6017
profiles.awsprod.nlm.nih.gov,65
profiles-us-east-1.awsprod.nlm.nih.gov,30
prodpreview2-eqrs.cms.gov,8
prod-ryanwhite.cloud.hhs.gov,8
prod-poisonhelp.cloud.hhs.gov,3
prod-nhsc.cloud.hhs.gov,3
prod-newborn.cloud.hhs.gov,6
prod-mchb.cloud.hhs.gov,11
prod-hrsagov.cloud.hhs.gov,47
prod-bphc.cloud.hhs.gov,7
prod-bloodstemcell.cloud.hhs.gov,3
prod-bhw.cloud.hhs.gov,14
prod-awe.hhs.gov,48
privacyruleandresearch.nih.gov,2934
previewolderindians.acl.gov,3
previewncler.acl.gov,30
previewncea.acl.gov,50
previewnamrs.acl.gov,8
previewapstarc.acl.gov,11
preventionmonth.childwelfare.gov,617
prevention.nih.gov,4394
prevention.cancer.gov,5636
prescancerpanel.cancer.gov,440
prescancerpanel-test.cancer.gov,6
prescancerpanel-prod.cancer.gov,31
prescancerpanel-dev.cancer.gov,11
preprod.usphs.gov,2
preprod.dcp.psc.gov,57
ppb.cancer.gov,57
portalval.cms.gov,12025
portalval-beta.cms.gov,51
portaldev.cms.gov,13166
portal.imaging.datacommons.cancer.gov,807
portal.gdc.cancer.gov,30334
portal.cms.gov,232889
portal.awg.gdc.cancer.gov,64
portal-beta.cms.gov,18
poisonhelp.hrsa.gov,2630
pivauthtest.nih.gov,2
pivauthinternal.nih.gov,4342
pivauth.nih.gov,7214
phil.cdc.gov,7
phiesta.niaid.nih.gov,17
phgkb.glb.cdc.gov,3
phgkb.cdc.gov,1465
permanent.fdlp.gov,65
permanent.access.gpo.gov,33
pentest.simplereport.gov,38
pegsexplorer.niehs.nih.gov,38
peerta.acf.hhs.gov,2322
pecosai.portal.cms.gov,34
pecosai.portal-beta.cms.gov,3
pecat.cdc.gov,97
pdmr.cancer.gov,306
pdev.grants.gov,48
pdc.cancer.gov,1407
pdbpcld-uat.cit.nih.gov,5
pdbpcld-stage.cit.nih.gov,25
pdbp.ninds.nih.gov,431
pdbp-stage.cit.nih.gov,10
pdbp-dev.cit.nih.gov,2
pdas.samhsa.gov,172
pcl-proteomics.cancer.gov,40
pave.niaid.nih.gov,564
partners.niehs.nih.gov,105
partekflow.cit.nih.gov,15
outreachpro.nia.nih.gov,108
ostr.ccr.cancer.gov,1113
osc.niehs.nih.gov,15
os1.cc.nih.gov,39
orwh.od.nih.gov,12438
orwh-test.cit.nih.gov,15
orwh-stage.cit.nih.gov,2
orip.nih.gov,1766
origin.www-aws.fda.gov,6
origin.health.gov,34
origin-exclusions.oig.hhs.gov,27
order.nia.nih.gov,4950
optn.transplant.hrsa.gov,38957
opotxfind.hrsa.gov,1601
openpaymentsdata.cms.gov,12
openi.nlm.nih.gov,29989
openi-wip.lhcaws.nlm.nih.gov,34
openi-vip.nlm.nih.gov,232
open.fda.gov,36
open.cdc.gov,552
opa.hhs.gov,11291
oncprojectracking.healthit.gov,179
omshrcms.cdc.gov,24
omics-oncogenomics.ccr.cancer.gov,51
ombudsman.nih.gov,423
om.od.nih.gov,221
olderindians.acl.gov,401
olaw.nih.gov,4087
oitecareersblog.od.nih.gov,1204
oiteblog.od.nih.gov,3
oig.hhs.gov,146033
ohsrp.nih.gov,865
ohrp.cit.nih.gov,3610
ogc.od.nih.gov,193
ofm.od.nih.gov,422
officeofbudget.od.nih.gov,580
ofacp.od.nih.gov,132
ofacp.nih.gov,84
ofacp.cit.nih.gov,41
oers.nlm.nih.gov,14
oed.nhlbi.nih.gov,52
odspracticum.od.nih.gov,54
ods.od.nih.gov,476987
ocsp.acf.hhs.gov,2855
ocrtraining.cit.nih.gov,5431
ocrtraining-test.cit.nih.gov,2
ocreco.od.nih.gov,4847
ocio.nih.gov,2955
ocg.cancer.gov,2
obssr.od.nih.gov,704
oar.nih.gov,613
oam.acl.gov,82
nwd.acl.gov,609
nvinterviews.nlm.nih.gov,60
ntptest.niehs.nih.gov,5
ntpsearch.niehs.nih.gov,1262
ntpsearch-test.niehs.nih.gov,2
ntpsearch-dev.niehs.nih.gov,9
ntplms-test.cms.gov,3
ntplms-impl.cms.gov,25
ntpdocs.niehs.nih.gov,52
ntpdocs-dev.niehs.nih.gov,4
ntp.niehs.nih.gov,16136
npin9-qa-npin-azure.cdc.gov,20
npin.cdc.gov,16397
npdb.hrsa.gov,1103
norc.acl.gov,85
nlmsearch-us-east-1.awsqa.nlm.nih.gov,4
nlmdirector.nlm.nih.gov,1736
nlmdevportal.dynamics365portals.us,2
nlmdatacatalog.awsprod.nlm.nih.gov,29
nitaac.nih.gov,3530
nimhmoodresearch.ctss.nih.gov,17
nimhimgprd.nimh.nih.gov,28
nimhfimp2.nimh.nih.gov,2
nihwamspstst3.nih.gov,2
nihrecord.nih.gov,17549
nigms.nih.gov,3091
nifti.nimh.nih.gov,505
nifti-dev.nimh.nih.gov,9
nidcdtest.nidcd.nih.gov,2
nidcdstg.nidcd.nih.gov,30
nidcddev.nidcd.nih.gov,3
nida.nih.gov,650992
nicic.gov,2
niams.nih.gov,4
niairplgsun.irp.nia.nih.gov,34
nhttac.acf.hhs.gov,6137
nhsc.hrsa.gov,31061
ng.usembassy.gov,2
nfrtest.cdc.gov,63
nfrp.ha.nci.nih.gov,63
nfr.cdc.gov,3147
nexus.od.nih.gov,11056
next.cancer.gov,286
newsinhealth.nih.gov,248164
newbornscreening.hrsa.gov,16104
neutgx.niaid.nih.gov,43
neuroscienceblueprint.nih.gov,1398
neurobiobank.nih.gov,1139
nephele.niaid.nih.gov,504
neidatacommons-demo.cit.nih.gov,30
ned.nih.gov,36347
ndc.services.cdc.gov,8917
ndc.apps.ecpaas-dev.cdc.gov,9
ncrmsval.niaid.nih.gov,39
ncrmssso.niaid.nih.gov,2
ncrmsqa.niaid.nih.gov,4
ncrms.niaid.nih.gov,4753
ncorp.cancer.gov,891
ncler.acl.gov,1114
ncithesaurus.nci.nih.gov,3297
ncithesaurus-stage.nci.nih.gov,31
nciterms65-data-qa.nci.nih.gov,2
nciterms.nci.nih.gov,4894
nciterms-stage2.nci.nih.gov,3
nciterms-stage.nci.nih.gov,78
nciterms-qa.nci.nih.gov,4
nciterms-dev.nci.nih.gov,18
nciterms-data-qa.nci.nih.gov,19
ncitermform.nci.nih.gov,84
ncitermform-stage.nci.nih.gov,10
ncitermform-qa.nci.nih.gov,4
ncit.nci.nih.gov,5879
ncit.cancer.gov,136
ncit-stage.nci.nih.gov,44
ncimetathesaurus.nci.nih.gov,296
ncimetathesaurus-stage.nci.nih.gov,10
ncimeta.nci.nih.gov,256
ncimeta-stage.nci.nih.gov,8
ncim.nci.nih.gov,790
ncim-stage.nci.nih.gov,142
ncim-qa.nci.nih.gov,8
ncim-dev.nci.nih.gov,2
ncim-data-qa.nci.nih.gov,3
ncifrederick.cancer.gov,808
nciformulary.cancer.gov,205
nciconnect-cms.cancer.gov,11
nciconnect-cms-test.cancer.gov,8
nci60.ha2.cancer.gov,25
nci60.cancer.gov,32
nci60-dev.cancer.gov,3
ncf.nci.nih.gov,173
ncea.acl.gov,2643
nccs.medlineplus.gov,32
nccs-vsac.nlm.nih.gov,15
nccs-vsac-3.nlm.nih.gov,3
nccs-vsac-2.nlm.nih.gov,3
nccs-vsac-1.nlm.nih.gov,3
nccs-meshb-2.nlm.nih.gov,2
nccs-meshb-1.nlm.nih.gov,2
nccs-eresources.nlm.nih.gov,2
nccs-4.medlineplus.gov,33
nccs-3.medlineplus.gov,31
nccs-2.medlineplus.gov,31
nccs-1.medlineplus.gov,32
nccrexplorer.ccdi.cancer.gov,360
nccih.nih.gov,6
nccd.cdc.gov,2
ncatswebqa.ncats.nih.gov,9
ncatswebdev.ncats.nih.gov,4
ncapps.acl.gov,438
nationalcancerplan.cancer.gov,521
nationalcancerplan-prod-acsf.cancer.gov,34
natc.acl.gov,375
nano.ccr.cancer.gov,160
nano-cms.cancer.gov,7
namrs.acl.gov,164
naeji.acl.gov,88
nadrc.acl.gov,645
n2ic-test.cancer.gov,3
n2ic-dev.cancer.gov,3
mypart-cms.cancer.gov,12
mydata.test.hrsa.gov,54
mydata.staging.hrsa.gov,18
mydata.hrsa.gov,93
mydata.dev.hrsa.gov,9
mwr.obssr.od.nih.gov,59
mtrac.nichd.nih.gov,95
mtiwhy.nlm.nih.gov,220
mrisktool.cancer.gov,295
mriatlases.nih.gov,10
mor.nlm.nih.gov,5851
mor.lhcaws-stage.nlm.nih.gov,8
monarch.niaid.nih.gov,128
monarch-qa.niaid.nih.gov,46
moleculartargets.ccdi.cancer.gov,661
mipav.cit.nih.gov,501
millionhearts.hhs.gov,6150
mhm2.nlm.nih.gov,37
mhm.nlm.nih.gov,55
mfa-qc.thinkculturalhealth.hhs.gov,23
metagenote.niaid.nih.gov,99
meshondemand.nlm.nih.gov,55
meshb.wip.nlm.nih.gov,33
meshb.nlm.nih.gov,26334
meshb-prev.nlm.nih.gov,2400
meps.ahrq.gov,6679
megcore.nih.gov,236
medpix.nlm.nih.gov,3590
medpix.lhcaws.nlm.nih.gov,36
medpix.lhcaws-stage.nlm.nih.gov,7
medlineplus.gov,13466837
medlineplus-gov.translate.goog,2
medlineplus-gov.remotexs.unimas.my,2
medicalcountermeasures.gov,3411
medialibraryworkspace.nei.nih.gov,87
medialibrary.nei.nih.gov,3000
mdphd.gpp.nih.gov,902
mdctmcrdev.cms.gov,2
mdctmcr.cms.gov,10
mchbtvisdatauat05.hrsa.gov,16
mchbtvisdatauat04.hrsa.gov,2
mchbtvisdatauat03.hrsa.gov,2
mchbgrandchallenges.hrsa.gov,151
mchb.tvisdata.hrsa.gov,1699
mchb.hrsa.gov,27064
mc-review-val.onemac.cms.gov,19
mc-review-dev.onemac.cms.gov,3
marrowfailure.cancer.gov,110
maps.cancer.gov,427
manticore.niehs.nih.gov,10
mainweb.awsprod.nlm.nih.gov,1329
maintenance.lhcaws.nlm.nih.gov,126
magpie.nlm.nih.gov,39
magpie.lhcaws-stage.nlm.nih.gov,4
magpie-prod.lhcaws.nlm.nih.gov,35
magazine.medlineplus.gov,87779
magazine-local.medlineplus.gov,27
ma.acl.gov,44
m.insurekidsnow.gov,30
lvgwebtools.nlm.nih.gov,6
loop.nigms.nih.gov,1866
localhost.gdc.cancer.gov,29
localhost,196
localhelp.healthcare.gov,47111
local.medlineplus.gov,37
local-vsac.nlm.nih.gov,2
local-vsac-qa-2.nlm.nih.gov,2
local-vsac-4.nlm.nih.gov,2
local-vsac-1.nlm.nih.gov,2
local-srch7.nlm.nih.gov,2
local-meshb-3.nlm.nih.gov,6
local-meshb-2.nlm.nih.gov,4
local-meshb-1.nlm.nih.gov,4
local-4.medlineplus.gov,32
local-3.medlineplus.gov,32
local-2.medlineplus.gov,35
local-1.medlineplus.gov,34
lhncbc.nlm.nih.gov,6258
lhncbc-aws-test.nlm.nih.gov,29
lhncbc-aws-stage.nlm.nih.gov,16
lhcforms.nlm.nih.gov,406
lhcforms.lhcaws.nlm.nih.gov,92
lhcforms.lhcaws-stage.nlm.nih.gov,4
lhcforms-prod.lhcaws.nlm.nih.gov,30
lhcformbuilder.nlm.nih.gov,399
lhcformbuilder.lhcaws.nlm.nih.gov,31
lhcflowsheet.nlm.nih.gov,36
lhce-brat.nlm.nih.gov,34
lhc-maintenance.nlm.nih.gov,45
lhc-lx-lexdev.nlm.nih.gov,2
lhc-formbuilder.lhcaws.nlm.nih.gov,27
lhc-formbuilder.lhc.lhcaws.nlm.nih.gov,51
lfs.cancer.gov,151
lforms-smart-fhir.nlm.nih.gov,78
lforms-service-wip.lhcaws.nlm.nih.gov,35
lforms-service-vip.nlm.nih.gov,38
lforms-formbuilder.lhcaws.nlm.nih.gov,31
lforms-fhir.nlm.nih.gov,46
lforms-fhir-wip.lhcaws.nlm.nih.gov,35
lforms-fhir-vip.nlm.nih.gov,37
lforms-fhir-lhc.nlm.nih.gov,34
lexsrv3.nlm.nih.gov,237
lexsrv3-wip.lhcaws.nlm.nih.gov,118
learningcenter.niaid.nih.gov,591
learn.wip.nlm.nih.gov,157
learn.nlm.nih.gov,3421
ldlink.nih.gov,2147
ldlink.nci.nih.gov,2
labels.preprod.fda.gov,15
labels.fda.gov,4304
labalaban.nhlbi.nih.gov,31
kurage.nimh.nih.gov,2
ko.stopbullying.gov,168
knowyourchances.cancer.gov,422
kidsstage-acquia.niehs.nih.gov,2
kidsdev-acquia.niehs.nih.gov,5
kids.niehs.nih.gov,45379
junctiontst.niehs.nih.gov,74
junctionstage-acquia.niehs.nih.gov,50
junctiondev.niehs.nih.gov,30
junctiondev-acquia.niehs.nih.gov,6
junction.niehs.nih.gov,7014
jttest.wip.nlm.nih.gov,34
journal-reports.nlm.nih.gov,193
joinastudy.niehs.nih.gov,223
jobs.cdc.gov,20
jobs-origin.cdc.gov,374
itools.od.nih.gov,739
itb.nci.nih.gov,8
isomir.ccr.cancer.gov,58
isdp.nih.gov,411
isdp-test.cit.nih.gov,3
irpseminar.wip.nlm.nih.gov,6
irpseminar.nlm.nih.gov,81
irp.nida.nih.gov,2859
irbo.nih.gov,2134
irad.nih.gov,280
iqrs.npdb.hrsa.gov,64587
ipsc.ncats.nih.gov,168
ioa.ha2.cancer.gov,25
ioa.cancer.gov,36
intranet.wip.nlm.nih.gov,14
intranet.ninds.nih.gov,1573
internet-prod.nhlbi.nih.gov,90
internet-latest-version-test.apps.nonprodaro.nhlbi.nih.gov,168
internet-latest-version-test-admin.apps.nonprodaro.nhlbi.nih.gov,95
internet-latest-version-stage.apps.nhlbi.nih.gov,4
internet-latest-version-stage-admin.apps.nhlbi.nih.gov,9
internet-latest-version-prod-admin.apps.nhlbi.nih.gov,12
internet-latest-version-int-admin.apps.nonprodaro.nhlbi.nih.gov,35
internet-latest-version-dev.apps.nonprodaro.nhlbi.nih.gov,5
internet-latest-version-dev-admin.apps.nonprodaro.nhlbi.nih.gov,32
integrationacademy.ahrq.gov,2731
int-ddt-vehss.cdc.gov,130
inside.niaid.nih.gov,6775
infocenter.nimh.nih.gov,2517
info.ahrq.gov,321
inferno.healthit.gov,14
indexcat.wip.nlm.nih.gov,47
indexcat.nlm.nih.gov,187
impl.webpricer.cms.gov,32
impl.harp.cms.gov,2
impl-qualitynet.cms.gov,163
imp.qpp.cms.gov,1182
imp.openpaymentsdata.cms.gov,141
imp.medicaid.gov,230
imp.edit.medicaid.gov,7
imp.edit.insurekidsnow.gov,18
imp.developer.cms.gov,19
imp.data.medicaid.gov,4
imp.data.healthcare.gov,5
imp.data.cms.gov,31
imp.cqr.cms.gov,380
imp-edit.data.healthcare.gov,2
immport.niaid.nih.gov,2508
immport-user-admin.niaid.nih.gov,80
imat.cancer.gov,401
imaging.cancer.gov,1703
imagic.nlm.nih.gov,1491
imagic-prod.lhcaws.nlm.nih.gov,22
imagesadmin.nigms.nih.gov,2
images.nigms.nih.gov,632
ikndata.insurekidsnow.gov,110
iiif.wip.nlm.nih.gov,29
ii.nlm.nih.gov,107
idss-bioinformatics.nih.gov,21
ids.nhlbi.nih.gov,142
id.wip.nlm.nih.gov,36
id.nlm.nih.gov,2980
icrc.nci.nih.gov,23
icpc.cancer.gov,41
icmr.nhlbi.nih.gov,38
ice.ntp.niehs.nih.gov,254
icdr.acl.gov,110
icbc.cancer.gov,63
icarerp.nih.gov,43
iadrp.nia.nih.gov,541
iacc.hhs.gov,5709
hypertension.millionhearts.hhs.gov,46
hypertension.millionhearts-int.hhs.gov,37
hr.nih.gov,79247
hpmstest.cms.gov,1204
hpmsimpl.cms.gov,31
hpmsdev1.cms.gov,21
hpmsdev.cms.gov,240
hpcwebdev.cit.nih.gov,5
hpcwebapps.cit.nih.gov,114
hpcnihapps.cit.nih.gov,75
hpc.nih.gov,7054
hospitals.millionhearts.hhs.gov,46
hospitals.millionhearts-int.hhs.gov,33
homvee.acf.hhs.gov,1084
homvee-stage.acf.hhs.gov,28
hmddirectory.wip.nlm.nih.gov,39
hmddirectory.nlm.nih.gov,90
hitd8-uat.healthit.gov,64
hitd8-stg.healthit.gov,36
hitd8-dev.healthit.gov,64
history.nih.gov,18555
hints.cancer.gov,996
hhs.github.io,2
help.stg01.hrsa.gov,6
help.hrsa.gov,2942
helixweb.nih.gov,72
healthyeatingtest.nhlbi.nih.gov,4
healthyeatingstage.nhlbi.nih.gov,3
healthyeatingint.nhlbi.nih.gov,3
healthyeating.nhlbi.nih.gov,9681
healthcaredelivery.cancer.gov,5363
healthabc.nia.nih.gov,462
health.mil,3
health.gov,288617
heal.nih.gov,6428
hdsneapptep01.nichd.nih.gov,33
hdpulse.nimhd.nih.gov,1713
hdctdbappip02.nichd.nih.gov,6
hdctdbappep01.nichd.nih.gov,21
hcup-us.ahrq.gov,15042
hcup-us-test.ahrq.gov,130
hcup-ts.ahrq.gov,6
hcmi-searchable-catalog.nci.nih.gov,150
hcmi-searchable-catalog.ha.nci.nih.gov,29
harmreductionhelp.cdc.gov,2
handls.nih.gov,153
gsspubssl.nci.nih.gov,11
green-uts-us-east-1.awsqa.nlm.nih.gov,2
green-uts-us-east-1.awsprod.nlm.nih.gov,3
green-uts-us-east-1.awsint.nlm.nih.gov,4
grasptest.nhlbi.nih.gov,265
grasp_internal_test.cdc.gov,61
grants.nih.gov,255861
grants.gov,118577
grantees-cancercontrol.cancer.gov,56
globalcxca-qa.cancer.gov,13
globalcxca-dev.cancer.gov,5
gis.nlm.nih.gov,17
gis.cancer.gov,426
gettested.cdc.gov,22039
gdc.cancer.gov,66
gcgx.niaid.nih.gov,36
gateway.womenshealth.gov,110
gap.tbportals.niaid.nih.gov,70
fundedresearch.cancer.gov,237
fss.nichd.nih.gov,4
fsitraining.state.gov,4
frederick.cancer.gov,5199
fplstest.acf.hhs.gov,78
fplssyt.acf.hhs.gov,3
fpls.acf.hhs.gov,19
fostercaremonth.childwelfare.gov,416
forms.oig.hhs.gov,207
forms.niddk.nih.gov,20
forms.iglb.oig.hhs.gov,14
foh.psc.gov,11
fns-prod.azureedge.us,332
flowsheet-lhc.lhcaws.nlm.nih.gov,17
flowsheet-lhc.lhcaws-stage.nlm.nih.gov,3
fitbir.nih.gov,482
fitbir-uat.cit.nih.gov,7
fitbir-stage.cit.nih.gov,16
fitbir-demo.cit.nih.gov,20
findtreatment.gov,60692
findtbresources.cdc.gov,548
findtbresources-qa-npin-azure.cdc.gov,4
findtb-qa-npin-azure.cdc.gov,4
findingaids.nlm.nih.gov,700
findingaids.awsint.nlm.nih.gov,3
findingaids-sbox.awsint.nlm.nih.gov,2
findhivcare.hrsa.gov,3196
finder.healthcare.gov,3990
findanetwork.hrsa.gov,1681
findahealthcenter.hrsa.gov,24513
fim.nimh.nih.gov,141
files.nccih.nih.gov,94
files.covid19treatmentguidelines.nih.gov,102
files.asprtracie.hhs.gov,155
federation.nih.gov,1125
fdanj.nlm.nih.gov,607
fdanj.awsprod.nlm.nih.gov,31
factor.niehs.nih.gov,9790
eyepsc.nei.nih.gov,342
eyepsc-demo.cit.nih.gov,12
eyegene.nih.gov,334
eyegene-demo.cit.nih.gov,12
extramural-intranet.nih.gov,9
extramural-diversity.nih.gov,2476
externallinks.samhsa.gov,172
exploregwas.cancer.gov,88
exploregwas-dev.cancer.gov,8
execsec.od.nih.gov,378
execsec-test2.od.nih.gov,28
exclusions.oig.hhs.gov,561404
exclusions.iglb.oig.hhs.gov,100
evs-sip.ha2.cancer.gov,19
ethicssao.od.nih.gov,133
ethics.od.nih.gov,3121
espanol.womenshealth.gov,3
espanol.stopbullying.gov,37102
espanol.smokefree.gov,3916
espanol.ninds.nih.gov,13951
espanol.nichd.nih.gov,180419
espanol.insurekidsnow.gov,3
espanol.foodsafety.gov,22211
espanol.cdc.gov,293259
esbl.nhlbi.nih.gov,6
es.usembassy.gov,2
es.medicare.gov,18526
eresources.wip.nlm.nih.gov,36
eresources.nlm.nih.gov,731
era.nih.gov,8
epishare.niehs.nih.gov,844
epi.grants.cancer.gov,4605
engage.youth.gov,5796
emergency.cdc.gov,73274
emergency-origin.cdc.gov,49
elmo.portalval.cms.gov,46
elmo.portalval-beta.cms.gov,3
elmo.portaldev.cms.gov,44
elmo.portal.cms.gov,33
elmo.portal-beta.cms.gov,2
elderjustice.acl.gov,352
eldercare.gov,574
eldercare.acl.gov,33103
ejcc.acl.gov,106
ehsthulp11.niehs.nih.gov,5
ehp.niehs.nih.govhttps,2
ehp.niehs.nih.gov,42388
ehp-niehs-nih-gov.ezproxyhhs.nihlibrary.nih.gov,3
ehc-stage.ahrq.gov,11
eforms.cdc.gov,346
effectivehealthcare.ahrq.gov,58945
effectivehealthcare-ahrq-gov.translate.goog,2
edit.medicare.gov,926
edit.medicaid.gov,2
edit.cms.gov,746
ecps.nih.gov,534
ecmsuat1.acl.gov,49
ecmsstg8.acl.gov,71
ecmsstg7.acl.gov,44
ecmsstg6.acl.gov,45
ecmsstg5.acl.gov,46
ecmsstg4.acl.gov,45
ecmsstg3.acl.gov,47
ecmsstg2.acl.gov,53
ecmsstg1.acl.gov,58
ecmsdev.acl.gov,2
eclkc.ohs.acf.hhs.gov,3264
ecareplan.ahrq.gov,96
ebccp.cancercontrol.cancer.gov,1230
ebccp-dev.cancercontrol.cancer.gov,33
eapinterprd.nimh.nih.gov,12
eai.nlm.nih.gov,169
e-cigarettes.surgeongeneral.gov,6363
dtptest.cancer.gov,12
dtp.cancer.gov,1860
dtc.cancer.gov,142
dsconnect.nih.gov,241
drupal-prod.ntp.niehs.nih.gov,62
drive.hhs.gov,1381
drive-app-test.beam.hhs.gov,3
drive-app-dev.beam.hhs.gov,20
dpt2.samhsa.gov,3314
dpcpsi.nih.gov,659
dpcpsi-test.od.nih.gov,5
dpcpsi-stage.od.nih.gov,3
dpc.cms.gov,110
downsyndromeuat.nichd.nih.gov,42
downsyndrome.nih.gov,110
donaciondeorganos.gov,2642
documentation.uts.wip.nlm.nih.gov,26
documentation.uts.nlm.nih.gov,662
docs.gdc.cancer.gov,5323
dmz-www.cc.nih.gov,70
dmz-bioethics.cc.nih.gov,4
diversity.nih.gov,27
discovery.nci.nih.gov,58
discover.nci.nih.gov,1346
dis.cit.nih.gov,33
dis-waiver.cit.nih.gov,36
dirweb.nhlbi.nih.gov,29
dirkozel.nhlbi.nih.gov,34
directorsblog.nih.gov,7005
directorsawards.hr.nih.gov,1058
dirapps1.nhlbi.nih.gov,7
dir.nichd.nih.gov,237
dir.nhlbi.nih.gov,41
dir-test.nichd.nih.gov,14
digitalpolicy.niaid.nih.gov,58
digitalpolicy-dev.niaid.nih.gov,27
digitalmedia.hhs.gov,328
digitalgallery.nlm.nih.gov,193
digital9stg.ahrq.gov,36
digital9dev.ahrq.gov,65
digital.ahrq.gov,9842
digirepo.nlm.nih.gov,318
dietassessmentprimer.cancer.gov,1698
dial.acl.gov,2875
diabetespath2prevention.cdc.gov,1511
diabetespath2prevention-int.cdc.gov,129
dhdspatlas-dev.apps.ecpaas-dev.cdc.gov,10
dhds.cdc.gov,619
dhds-dev.apps.ecpaas-dev.cdc.gov,4
dfe-stage.cdc.gov,4
devtestdomain3.nih.gov,67
devtestdomain2.nih.gov,47
devtestdomain.nih.gov,46
deve.npdb.hrsa.gov,31
deve-iqrs.npdb.hrsa.gov,52
deva.npdb.hrsa.gov,6
deva-iqrs.npdb.hrsa.gov,54
dev7.simplereport.gov,39
dev6.simplereport.gov,35
dev5.simplereport.gov,35
dev4programportal.bhwenv.hrsa.gov,335
dev4bhwnextgen.bhwenv.hrsa.gov,128
dev4.simplereport.gov,35
dev3programportal.bhwenv.hrsa.gov,271
dev3bhwnextgen.bhwenv.hrsa.gov,62
dev3.simplereport.gov,39
dev2programportal.bhwenv.hrsa.gov,352
dev2bhwnextgen.bhwenv.hrsa.gov,320
dev2.simplereport.gov,56
dev1programportal.bhwenv.hrsa.gov,348
dev1bhwnextgen.bhwenv.hrsa.gov,71
dev.webpricer.mps.cms.gov,11
dev.webpricer.cms.gov,62
dev.simplereport.gov,11
dev.qpp.cms.gov,11791
dev.openpaymentsdata.cms.gov,18
dev.niehs.nih.gov,13
dev.niaaa.nih.gov,9
dev.medicaid.gov,19
dev.grants.nih.gov,14
dev.edit.medicaid.gov,4
dev.edit.insurekidsnow.gov,40
dev.dpc.cms.gov,4
dev.data.healthcare.gov,5
dev.data.cms.gov,103
dev.cqr.cms.gov,392
dev.cloud.cms.gov,21
dev.aspe.hhs.gov,4
dev.arcr.niaaa.nih.gov,3
dev-poisonhelp.cloud.hhs.gov,2
dev-brt.niehs.nih.gov,45
dev-bloodstemcell.cloud.hhs.gov,2
dev-acquia.niehs.nih.gov,4
designsystems.cdc.gov,2
designsystem.niaid.nih.gov,86
demo.simplereport.gov,14
deainfo.nci.nih.gov,835
ddt-vehss.cdc.gov,318
dctd.cancer.gov,802
dctd-test.cancer.gov,4
dcp.psc.gov,48508
dcegconnect-cms.cancer.gov,5
dcegconnect-cms-test.cancer.gov,14
dcegconnect-cms-dev.cancer.gov,2
dceg2.cancer.gov,422
dceg.cancer.gov,12709
dceg-prod-acsf.cancer.gov,36
dceg-cms.cancer.gov,56
datatools.samhsa.gov,985
datatools.ahrq.gov,3029
datasetcatalog.nlm.nih.gov,2
dataservice-dev.datacommons.cancer.gov,11
datascience.cancer.gov,4431
datascience-stage.cancer.gov,12
datascience-dev.cancer.gov,24
dataguide.nlm.nih.gov,183
datadashboard.preprod.fda.gov,13
datadashboard.fda.gov,28723
datadashboard.dev.fda.gov,11
datacommons.cancer.gov,727
datacommons-stage.cancer.gov,6
datacommons-dev.cancer.gov,22
datacatalog.ccdi.cancer.gov,243
data.test.hrsa.gov,168
data.staging.hrsa.gov,13
data.niaid.nih.gov,1307
data.lhncbc.nlm.nih.gov,99
data.hrsa.gov,23194
data.healthcare.gov,2
data.dev1.hrsa.gov,2
data.dev.hrsa.gov,50
data.cms.gov,328
data.census.gov,3
data.cdc.gov,15560
data.acl.gov,77
dashboard.healthit.gov,8
dash.nichd.nih.gov,752
dailymed.nlm.nih.gov,735115
cwoutcomes.acf.hhs.gov,771
cwlibrary.childwelfare.gov,1090
cup.nlm.nih.gov,95
cup.lhcaws.nlm.nih.gov,29
cup.lhcaws-stage.nlm.nih.gov,4
cup-vip.lhcaws.nlm.nih.gov,3
ctsa.ncats.nih.gov,265
cts.nlm.nih.gov,70
cts-qa.nlm.nih.gov,2
ctep.cancer.gov,13160
ctep-test.cancer.gov,4
ctdb.nichd.nih.gov,323
ctd2-data.nci.nih.gov,94
ctd2-dashboard.nci.nih.gov,221
cssi.cancer.gov,276
cssi-prod-sg.ha2.cancer.gov,40
cssi-dcc.nci.nih.gov,48
cssi-dcc-test.nci.nih.gov,6
cssi-dcc-dev.nci.nih.gov,7
csosmember.nhlbi.nih.gov,84
csams.cdc.gov,5
cpfp.cancer.gov,523
covid19travelinfo.origin.cdc.gov,26
covid19travelinfo.cdc.gov,248
covid19travelinfo-dev.origin.cdc.gov,16
covid19travelinfo-dev.cdc.gov,142
covid19serohub.nih.gov,82
covid19pvi.niehs.nih.gov,81
covid19community.nih.gov,2
covid19.nih.gov,46208
covid.cdc.gov,383780
covid-origin.cdc.gov,13
content.niaaa.nih.gov,42
content.collegedrinkingprevention.gov,44
content.arcr.niaaa.nih.gov,2
consumidor.ftc.gov,6
consumer.ftc.gov,6
connect.niehs.nih.gov,3
connect.acf.hhs.gov,11762
companyprofiles.test.healthcare.gov,30
companyprofiles.imp.healthcare.gov,29
companyprofiles.healthcare.gov,149
communitycountsdataviz.cdc.gov,72
commonfund.nih.gov,2006
commonfund-test.od.nih.gov,2
collegedrinkingprevention.gov,90
collectionsqa.nlm.nih.gov,8
collections.nlm.nih.gov,17546
collections.awsprod.nlm.nih.gov,41
collections-us-east-1.awsprod.nlm.nih.gov,110
coepes.nih.gov,445
cnap.nhlbi.nih.gov,124
cms-drupal-intranet-prod.hhs.gov,88
cms-drupal-hrsa-mchbgc-prod.cloud.hhs.gov,2
cmn.nimh.nih.gov,126
cloud.nih.gov,248
cloud.connect.hhs.gov,40
clinregs.niaid.nih.gov,2310
clinicaltrialsapi.cancer.gov,116
clinicaltrialsapi-staging.cancer.gov,29
clinicaltrialsapi-stage.cancer.gov,18
clinicaltrialsapi-prod.cancer.gov,27
clinicaltrialsapi-int.cancer.gov,17
clinicaltrialsapi-dev.cancer.gov,11
clinicaltables.nlm.nih.gov,866
clinicalinfo.hiv.gov,17685
clinicalcenter.nih.gov,7220
classification.nlm.nih.gov,2777
classification.awsprod.nlm.nih.gov,36
classification-us-east-1.awsqa.nlm.nih.gov,13
classification-us-east-1.awsprod.nlm.nih.gov,35
citdcbmipav.cit.nih.gov,34
cit.nih.gov,31
cisnet.cancer.gov,307
circulatingnow.nlm.nih.gov,4199
circinteractome.nia.nih.gov,1386
circinteractome.irp.nia.nih.gov,412
chronicdata.cdc.gov,824
chqa.nlm.nih.gov,45
chiqa.nlm.nih.gov,51
chiqa-wip.lhcaws.nlm.nih.gov,32
chiqa-vip.nlm.nih.gov,33
childcare.gov,42959
childcare-stage.acf.hhs.gov,356
chemm.hhs.gov,8304
chemm-app-test.beam.hhs.gov,3
chemm-app-dev.beam.hhs.gov,18
chemdb2.niaid.nih.gov,38
chemdb.niaid.nih.gov,150
cfpub.epa.gov,2
cfmedicine.nlm.nih.gov,3469
cfmedicine.awsprod.nlm.nih.gov,37
cet-dev.cloud.cms.gov,18
cedcd.nci.nih.gov,171
cebsp11.niehs.nih.gov,3
cebsd10.niehs.nih.gov,2
cebs.niehs.nih.gov,2001
cebs.nci.nih.gov,37
cebs-ext.niehs.nih.gov,92
cdsic.ahrq.gov,309
cdsic-preprod.ahrq.gov,2
cds.ahrq.gov,1031
cdrns.nih.gov,86
cdrns-stage.cit.nih.gov,12
cdrns-demo.cit.nih.gov,32
cdr.cancer.gov,34
cdp.cancer.gov,396
cde.nida.nih.gov,3678
cdas.cancer.gov,3789
ccrisktool.cancer.gov,3882
ccrhb.od.nih.gov,55
ccr.cancer.gov,28628
ccr-stage.ccr.cancer.gov,20
ccr-dev.ccr.cancer.gov,3
ccg-cms.cancer.gov,4
ccdi.cancer.gov,155
cbexpress.acf.hhs.gov,1855
catalog.ninds.nih.gov,1794
catalog.nidcr.nih.gov,388
catalog.niams.nih.gov,322
cat-dev.ahrq.gov,6
cas.niddk.nih.gov,16
caring4kidswithcovid.nih.gov,80
careertrac.niehs.nih.gov,168
card.nih.gov,1223
card.niaid.nih.gov,65
capacity.childwelfare.gov,11
cancercontrol.cancer.gov,8025
cancercenters.cancer.gov,1340
cananolab.cancer.gov,139
cam.cancer.gov,496
calendar.nih.gov,3381
calendar.niehs.nih.gov,38
cahpsdatabase.ahrq.gov,116
cactus.nci.nih.gov,3603
cacmap.fda.gov,9
c-rads.od.nih.gov,89
brt.niehs.nih.gov,88
brics.cit.nih.gov,231
brics-intramural.cit.nih.gov,6
brb.nci.nih.gov,1506
brb-prod-sg.ha.nci.nih.gov,40
braininitiative.nih.gov,5193
bphc.hrsa.gov,36675
bmiss.hrsa.gov,7
blueaz2.portaldev.cms.gov,231
blueaz1.portaldev.cms.gov,233
blsa.nih.gov,4246
bloodstemcell.hrsa.gov,3645
blogs.glb.cdc.gov,22
blogs.cdc.gov,38955
blogs-origin.cdc.gov,66
bisulfite.nichd.nih.gov,40
biospecimens.cancer.gov,1257
biomedicalresearchworkforce.nih.gov,66
bioinformatics.niaid.nih.gov,335
bioinformatics.ccr.cancer.gov,1808
bioethics.nih.gov,285
biobeat.nigms.nih.gov,3713
big.nhlbi.nih.gov,29
bhwnextgenpreprodcloud.hrsa.gov,7
bhwnextgen.hrsa.gov,23863
bhw.hrsa.gov,58077
betobaccofree.hhs.gov,3673
betaatsdr.cdc.gov,7
beta.grants.gov,28
beta.cdc.gov,37
bcrisktool.cancer.gov,21078
az3.portalval.cms.gov,20
az3.portaldev.cms.gov,21
az3.portal.cms.gov,8
az2.portalval.cms.gov,133
az2.portaldev.cms.gov,23
az2.portal.cms.gov,8
az1.portalval.cms.gov,130
az1.portaldev.cms.gov,35
az1.portal.cms.gov,8
ayudalocal.cuidadodesalud.gov,3330
awslogin-qa.awsprod.nlm.nih.gov,15
authtest.nih.gov,12979
authstage.nigms.nih.gov,9
authproxytest.nih.gov,64
authproxy.nih.gov,64
authorarranger.nci.nih.gov,123
authinternal.nih.gov,27915
authdev.nih.gov,19427
auth.ocio.nih.gov,5
auth.nih.gov,259057
auth.nigms.nih.gov,56
atsdrstage.cdc.gov,2
atsdr.cdc.gov,1515
atbcstudy.cancer.gov,83
at.npdb.hrsa.gov,5
at-iqrs.npdb.hrsa.gov,10
asprtracie.hhs.gov,5182
aspr.hhs.gov,149857
aspe.hhs.gov,133084
arrs.ahrq.gov,206
arpspdev.cdc.gov,15
arpsp.glb.cdc.gov,2
arpsp.cdc.gov,4846
arcr.niaaa.nih.gov,9202
archives.nih.gov,81
archive.cdc.gov,6101
archive.ahrq.gov,796
archive-origin.cdc.gov,46
apsvpt.portalval.cms.gov,47
apstarc.acl.gov,340
apssit.portalval.cms.gov,57
aps.portal.cms.gov,34
aps.portal-beta.cms.gov,4
appsdirtst.niehs.nih.gov,4
appsdirdev.niehs.nih.gov,2
apps4tst.niehs.nih.gov,6
apps3tst.niehs.nih.gov,23
apps3prd.niehs.nih.gov,4
apps3dev.niehs.nih.gov,6
apps.niehs.nih.gov,1705
applications.cpfp.cancer.gov,75
apisstaging.niaaa.nih.gov,141
api.seer.cancer.gov,49
api.motionpoint.com,17
api.digitalmedia.hhs.gov,41
api.childwelfare.gov,12
antibodies.cancer.gov,1221
annualreport.nichd.nih.gov,408
analysistools.cancer.gov,645
analysistools-qa.cancer.gov,9
analysistools-dev.cancer.gov,33
alzped.nia.nih.gov,178
allofus.nih.gov,14595
alcoholtreatment.niaaa.nih.gov,5038
alcoholpolicy.niaaa.nih.gov,24784
akauat-ion-www.hhs.gov,34
akatest5-ion-www.hhs.gov,28
akatest4-ion-www.hhs.gov,33
akatest3-ion-www.hhs.gov,30
akatest2-ion-www.hhs.gov,29
akatest1-ion-www.hhs.gov,33
akatest-ion-www.hhs.gov,34
akastage5-ion-www.hhs.gov,32
akastage4-ion-www.hhs.gov,26
akastage3-ion-www.hhs.gov,34
akastage2-ion-www.hhs.gov,33
akastage1-ion-www.hhs.gov,31
akastage.reproductiverights.gov,15
akastage-www.stopbullying.gov,33
akastage-www.hrsa.gov,2
akastage-www.hhs.gov,53
akastage-www.foodsafety.gov,42
akastage-www.covid.gov,2
akastage-therealcost.betobaccofree.hhs.gov,34
akastage-ion-www.hhs.gov,25
akastage-bloodstemcell.hrsa.gov,4
akaqa5-ion-www.hhs.gov,34
akaqa4-ion-www.hhs.gov,33
akaqa3-ion-www.hhs.gov,34
akaqa2-ion-www.hhs.gov,37
akaqa1-ion-www.hhs.gov,35
akaqa-ion-www.hhs.gov,35
akaprod-www.stopbullying.gov,42
akaprod-www.hhs.govhttps,2
akaprod-www.hhs.gov,342
akaprod-www.foodsafety.gov,38
akaprod-www.covid.gov,2
akaprod-therealcost.betobaccofree.hhs.gov,30
akaprod-ion-www.hhs.gov,43
akaprod-digitalmedia.hhs.gov,318
akaprod-bphc.hrsa.gov,2
akadev5-ion-www.hhs.gov,37
akadev4-ion-www.hhs.gov,33
akadev3-ion-www.hhs.gov,35
akadev2-ion-www.hhs.gov,32
akadev1-ion-www.hhs.gov,29
akadev-ion-www.hhs.gov,35
aka-www.hhs.gov,96
aidv-cshs-dev1.cdc.gov,3
ai-clinregsappprd3.niaid.nih.gov,5
ahrq-stage.ahrq.gov,10
agingstats.gov,254
agid.acl.gov,357
aghealth.nih.gov,284
afni.nimh.nih.gov,976
afni-dev.nimh.nih.gov,10
adoptionmonth.childwelfare.gov,1037
admin.ahrq.gov,78
acl.gov,58414
acfmain-stage.acf.hhs.gov,38
acfmain-dev.acf.hhs.gov,18
acfmain-content-stage.acf.hhs.gov,2
acfconnect-dev.acf.hhs.gov,6
acf.hhs.gov,218
acd.od.nih.gov,626
accessdata.test.fda.gov,2
accessdata.dev.fda.gov,2
accessclinicaldata.niaid.nih.gov,104
aasis.omha.hhs.gov,850
60plus.smokefree.gov,3904
4innovation-dev.cms.gov,2
405d.hhs.gov,462
3d.nih.gov,6172
1.usa.gov,7