domain,page,page_title,active_visitors
(other),(other),(other),6692321
tools.usps.com,/go/TrackConfirmAction,USPS.com® - USPS Tracking® Results,921303
tools.usps.com,/go/TrackConfirmAction_input,USPS.com® - USPS Tracking® Results,630252
informeddelivery.usps.com,/box/pages/secure/DashboardAction_input.action,Informed Delivery,578125
reg.usps.com,/entreg/LoginAction_input,USPS.com® - Sign In,577195
www.usps.com,/manage/informed-delivery.htm,"Informed Delivery - Mail & Package Notifications | USPS",467776
reg.usps.com,/portal/login,USPS.com® - Sign In,420685
www.usps.com,/,"Welcome | USPS",375958
informeddelivery.usps.com,/box/pages/secure/packageDashboardAction,,324116
tools.usps.com,/go/TrackConfirmAction_input,USPS.com® - USPS Tracking®,221824
tools.usps.com,/go/TrackConfirmAction.action,USPS.com® - USPS Tracking® Results,173154
informeddelivery.usps.com,/box/pages/secure/DashboardAction_input,Informed Delivery,165213
reg.usps.com,/logout,USPS.com® - Sign Out,139118
www.usajobs.gov,/,USAJOBS - The Federal Government's official employment site,90386
www.ssa.gov,/,"The United States Social Security Administration | SSA",89595
www.weather.gov,/,National Weather Service,83359
www.usajobs.gov,/Search/Results,USAJOBS - Search,75884
studentaid.gov,/fsa-id/sign-in,Federal Student Aid,74951
www.ssa.gov,/myaccount/,"my Social Security | SSA",73954
www.irs.gov,/,"Internal Revenue Service | An official website of the United States government",73764